"Id","Division","District","Upazila","Institution Bn"
"1002","রংপুর","কুড়িগ্রাম","নাগেশ্বরী","asdf"
"1001","ঢাকা","নরসিংদী","শিবপুর","মোহরপাড়া উচ্চ বিদ্যালয়"
"1000","ঢাকা","নরসিংদী","শিবপুর","এস কে বি দাখিল মাদ্রাসা"
"999","ঢাকা","নরসিংদী","শিবপুর","নোয়াদিয়া কে. এইচ বালক উচ্চ বিদ্যালয়"
"998","ঢাকা","নরসিংদী","শিবপুর","লাখপুর শিমুলিয়া উচ্চ বিদ্যালয়"
"997","ঢাকা","নরসিংদী","শিবপুর","বাঘাব ইউনিয়ন উচ্চ বিদ্যালয়"
"996","ঢাকা","নরসিংদী","শিবপুর","চৈতন্য বহুমুখী উচ্চ বিদ্যালয়"
"995","ঢাকা","নরসিংদী","শিবপুর","কাজী মফিজ উদ্দীন উচ্চ বিদ্যালয়"
"994","ঢাকা","নরসিংদী","শিবপুর","হাজী সমশের আলী উচ্চ বিদ্যালয়"
"993","ঢাকা","নরসিংদী","শিবপুর","হাজী নোয়াব আলী বালিকা উচ্চ বিদ্যালয়"
"992","ঢাকা","নরসিংদী","শিবপুর","লাখপুর শিমুলিয়া বালিকা উচ্চ বিদ্যালয়"
"991","ঢাকা","নরসিংদী","শিবপুর","তেলিয়া ঝাউয়াকান্দি উচ্চ বিদ্যালয়"
"990","ঢাকা","নরসিংদী","শিবপুর","দুলালপুর উচ্চ বিদ্যালয়"
"989","ঢাকা","নরসিংদী","শিবপুর","দক্ষিণ সাধারচর উচ্চ বিদ্যালয়"
"988","ঢাকা","নরসিংদী","শিবপুর","হরিহরদী উচ্চ বিদ্যালয় এন্ড কলেজ"
"987","ঢাকা","নরসিংদী","শিবপুর","শিবপুর পাইলট বালিকা উচ্চ বিদ্যালয়"
"986","ঢাকা","নরসিংদী","শিবপুর","শিবপুর পাইলট মডেল উচ্চ বিদ্যালয়"
"985","রংপুর","গাইবান্ধা","গোবিন্দগঞ্জ","লোনতলা উচ্চ বিদ্যালয়"
"984","রংপুর","গাইবান্ধা","গোবিন্দগঞ্জ","চাঁদপাড়া দ্বি-মুখী উচ্চ বিদ্যালয়"
"983","রংপুর","গাইবান্ধা","গোবিন্দগঞ্জ","শহরগছি উচ্চ বিদ্যালয় এন্ড কলেজ"
"982","রংপুর","গাইবান্ধা","গোবিন্দগঞ্জ","ডুমুরগাছা সিদ্দিকিয়া দাখিল মাদ্রাসা"
"981","রংপুর","গাইবান্ধা","গোবিন্দগঞ্জ","বিরাট দ্বি-মুখী উচ্চ বিদ্যালয়"
"980","রংপুর","গাইবান্ধা","গোবিন্দগঞ্জ","খলসি দাখিল মাদ্রাসা"
"979","রংপুর","গাইবান্ধা","গোবিন্দগঞ্জ","বর্ধনকুঠী পাইলট উচ্চ বিদ্যালয়"
"978","রংপুর","গাইবান্ধা","গোবিন্দগঞ্জ","বোয়ালিয়া উচ্চ বিদ্যালয়"
"977","রংপুর","গাইবান্ধা","গোবিন্দগঞ্জ","দূর্গাপুর কালিতলা এস. এন দ্বি-মুখী উচ্চ বিদ্যালয়"
"976","রংপুর","গাইবান্ধা","গোবিন্দগঞ্জ","মহিমাগঞ্জ উচ্চ বিদ্যালয়"
"975","রংপুর","গাইবান্ধা","গোবিন্দগঞ্জ","রাখালবুরুজ মুন্সিরহাট কেরামতিয়া সিনিয়র আলিম মাদ্রাসা"
"974","রংপুর","গাইবান্ধা","গোবিন্দগঞ্জ","সরদারহাট দ্বি-মুখী উচ্চ বিদ্যালয়"
"973","রংপুর","গাইবান্ধা","গোবিন্দগঞ্জ","আফরোজা আনার দাখিল মাদ্রাসা"
"972","রংপুর","গাইবান্ধা","গোবিন্দগঞ্জ","ঘুগা আব্দুল জলিল দ্বি-মুখী উচ্চ বিদ্যালয়"
"971","রংপুর","গাইবান্ধা","গোবিন্দগঞ্জ","কামদিয়া দারুল উলুম সিদ্দিকীয়া আলিম মাদ্রাসা"
"970","রংপুর","গাইবান্ধা","গোবিন্দগঞ্জ","পানিতলা হাট উচ্চ বিদ্যালয়"
"969","রংপুর","গাইবান্ধা","গোবিন্দগঞ্জ","ফেরুসা গোবিন্দপুর উচ্চ বিদ্যালয়"
"968","রংপুর","গাইবান্ধা","গোবিন্দগঞ্জ","পিয়ারাপুর আই,জি,এম স্কুল এন্ড কলেজ"
"967","রংপুর","গাইবান্ধা","গোবিন্দগঞ্জ","কামদিয়া দ্বি-মুখী উচ্চ বিদ্যালয়"
"966","রংপুর","গাইবান্ধা","গোবিন্দগঞ্জ","গোবিন্দগঞ্জ সরকারি উচ্চ বিদ্যালয়"
"965","ঢাকা","নরসিংদী","মনোহরদী","নারায়ণপুর সরাফত উল্লাহ উচ্চ বিদ্যালয়"
"964","ঢাকা","নরসিংদী","মনোহরদী","চন্ডিপাড়া বালিকা উচ্চ বিদ্যালয়"
"963","ঢাকা","নরসিংদী","মনোহরদী","বেলাব সরকারি পাইলট মর্ডাণ মডেল হাই স্কুল"
"962","ঢাকা","নরসিংদী","মনোহরদী","পোড়াদিয়া বিএম সিনিয়র আলিম মাদ্রাসা"
"961","ঢাকা","নরসিংদী","মনোহরদী","এ. এন. এম উচ্চ বিদ্যালয়"
"960","ঢাকা","নরসিংদী","বেলাবো","পাটুলী উচ্চ বিদ্যালয়"
"959","ঢাকা","নরসিংদী","মনোহরদী","সর্বলক্ষণা আলিম মাদ্রসা"
"958","ঢাকা","নরসিংদী","মনোহরদী","বীরগাঁও ইসলামিয়া দাখিল মাদ্রাসা"
"957","ঢাকা","নরসিংদী","মনোহরদী","শাহাবুদ্দিন মেমোরিয়া একাডেমি"
"956","ঢাকা","নরসিংদী","মনোহরদী","ঠেকের কান্দা ডি. এস. কে উচ্চ বিদ্যালয়"
"955","ঢাকা","নরসিংদী","মনোহরদী","এইচ. কে বিপুল স্মৃতি উচ্চ বিদ্যালয়"
"954","ঢাকা","নরসিংদী","মনোহরদী","মনতলা সিনিয়র ফাজিল ডিগ্রী মাদ্রাসা"
"953","ঢাকা","নরসিংদী","মনোহরদী","জিকেপি ডুয়াইগাঁও রবিউল উলুম দাখিল মাদ্রাসা"
"952","ঢাকা","নরসিংদী","মনোহরদী","খিদিরপুর কলেজ"
"951","ঢাকা","নরসিংদী","মনোহরদী","অ্যাডভোকেট এম. এ মজিদ বিএম কলেজ"
"950","ঢাকা","নরসিংদী","মনোহরদী","গোতাশিয়া নূরুল মজিদ হুমায়ূন উচ্চ বিদ্যালয়"
"949","ঢাকা","শরীয়তপুর","জাজিরা","জয়নগর নুরিয়া ইসলামিয়া দাখিল মাদ্রাসা"
"948","ঢাকা","শরীয়তপুর","জাজিরা","বি. কে. নগর পাবলিক উচ্চ বিদ্যালয়"
"947","ঢাকা","শরীয়তপুর","জাজিরা","পূর্ব নাওডোবা পাবলিক উচ্চ বিদ্যালয়"
"946","ঢাকা","শরীয়তপুর","জাজিরা","জাজিরা গার্লস হাই স্কুল এন্ড কলেজ"
"945","ঢাকা","শরীয়তপুর","জাজিরা","মানিকনগর শেখ হাসিনা উচ্চ বিদ্যালয়"
"944","ঢাকা","শরীয়তপুর","শরীয়তপুর সদর","বিনোদপুর মৌলভী কান্দি দাখিল মাদ্রাসা"
"943","ঢাকা","শরীয়তপুর","শরীয়তপুর সদর","তুলাতলা উচ্চ বিদ্যালয়"
"942","ঢাকা","শরীয়তপুর","শরীয়তপুর সদর","মাহমুদপুর মর্ডান উচ্চ বিদ্যালয়"
"941","ঢাকা","শরীয়তপুর","শরীয়তপুর সদর","চন্দ্রপুর এ, এইচ, পি উচ্চ বিদ্যালয়"
"940","ঢাকা","শরীয়তপুর","শরীয়তপুর সদর","চিতলীয়া সমিতির হাট উচ্চ বিদ্যালয়"
"939","ঢাকা","শরীয়তপুর","শরীয়তপুর সদর","বুড়িরহাট উচ্চ বিদ্যালয়"
"938","ঢাকা","শরীয়তপুর","শরীয়তপুর সদর","পালং উচ্চ বিদ্যালয়"
"937","ঢাকা","শরীয়তপুর","শরীয়তপুর সদর","চিকন্দী শরফ আলী উচ্চ বিদ্যালয়"
"936","ঢাকা","শরীয়তপুর","শরীয়তপুর সদর"," শরীয়তপুর সরকারি কলেজ"
"935","ঢাকা","শরীয়তপুর","শরীয়তপুর সদর","শরীয়তপুর সরকারি বালিকা উচ্চ বিদ্যালয়"
"934","খুলনা","বাগেরহাট","ফকিরহাট","কাজী আজাহার আলী ডিগ্রী কলেজ"
"933","খুলনা","বাগেরহাট","ফকিরহাট","কলকলিয়া মাধ্যমিক বিদ্যালয়"
"932","খুলনা","বাগেরহাট","ফকিরহাট","শেখ হেলাল উদ্দীন ডিগ্রী কলেজ"
"931","খুলনা","বাগেরহাট","ফকিরহাট","নলদা মাধ্যমিক বিদ্যালয়"
"930","খুলনা","বাগেরহাট","ফকিরহাট","মাসকাটা মাধ্যমিক বিদ্যালয়"
"929","খুলনা","বাগেরহাট","ফকিরহাট","বঙ্গবন্ধু মাধ্যমিক বালিকা বিদ্যালয় নওয়াপাড়া"
"928","খুলনা","বাগেরহাট","ফকিরহাট","বেতাগা ইউনাইটেড মাধ্যমিক বিদ্যালয়"
"927","খুলনা","বাগেরহাট","মোল্লাহাট","কামারগ্রাম মাধ্যমিক বিদ্যালয়"
"926","খুলনা","বাগেরহাট","মোল্লাহাট","চুনখোলা মাধ্যমিক বিদ্যালয়"
"925","খুলনা","বাগেরহাট","মোল্লাহাট","শহীদ হেমায়েত উদ্দিন বালিকা বিদ্যালয়"
"924","খুলনা","বাগেরহাট","মোল্লাহাট","নগর কান্দা মাধ্যমিক বিদ্যালয়"
"923","খুলনা","বাগেরহাট","মোল্লাহাট","চাঁদের হাট মাধ্যমিক বিদ্যালয়"
"922","খুলনা","বাগেরহাট","চিতলমারী","চরকচুরিয়া মাধ্যমিক বিদ্যালয়"
"921","খুলনা","বাগেরহাট","চিতলমারী","বড়বাড়িয়া মাধ্যমিক বিদ্যালয়"
"920","খুলনা","বাগেরহাট","চিতলমারী","পরানপুর শহীদ শেখ মাধ্যমিক বিদ্যালয়"
"919","খুলনা","বাগেরহাট","চিতলমারী","সম্মিলনী মাধ্যমিক বিদ্যালয়"
"918","খুলনা","বাগেরহাট","চিতলমারী","সন্তষপুর মাধ্যমিক বিদ্যালয়"
"917","খুলনা","বাগেরহাট","চিতলমারী","চিতলমারী দাখিল মাদ্রাসা"
"916","খুলনা","বাগেরহাট","চিতলমারী","শেরে বাংলা ডিগ্রী কলেজ"
"915","খুলনা","বাগেরহাট","চিতলমারী","কালশিরা মাধ্যমিক বিদ্যালয়"
"914","খুলনা","বাগেরহাট","চিতলমারী","জুনাবালী ফকির মাধ্যমিক বালিকা বিদ্যালয়"
"913","খুলনা","বাগেরহাট","চিতলমারী","চরবানিয়ারী ইউনিয়ন বালিকা মাধ্যমিক বিদ্যালয়"
"912","খুলনা","বাগেরহাট","বাগেরহাট সদর","চিরুলীয়া স্কুল এন্ড কলেজ"
"911","খুলনা","বাগেরহাট","চিতলমারী","চরবানিয়ারী মডেল উচ্চ বিদ্যালয়"
"910","ঢাকা","কিশোরগঞ্জ","নিকলী","নানশ্রী আদর্শ দাখিল মাদ্রাসা"
"909","ঢাকা","কিশোরগঞ্জ","নিকলী","সিংপুর হাজী আফিল উদ্দিন উচ্চ বিদ্যালয়"
"908","ঢাকা","কিশোরগঞ্জ","নিকলী","আলিয়াপাড়া এ বি নুরজাহান হোসেন উচ্চ বিদ্যালয়"
"907","ঢাকা","কিশোরগঞ্জ","নিকলী","ছাতিরচর উচ্চ বিদ্যালয়"
"906","ঢাকা","কিশোরগঞ্জ","নিকলী","রসুলপুর হানিফ ভূইয়া উচ্চ বিদ্যালয়"
"905","ঢাকা","কিশোরগঞ্জ","নিকলী","জারইতলা স্কুল এন্ড কলেজ"
"904","ঢাকা","কিশোরগঞ্জ","নিকলী","দামপাড়া কারার মাহতাব উদ্দিন উচ্চ বিদ্যালয়"
"903","ঢাকা","কিশোরগঞ্জ","বাজিতপুর","পিরিজপুর দাখিল মাদ্রাসা"
"902","ঢাকা","কিশোরগঞ্জ","বাজিতপুর","মফিজুর রহমান রোকন উচ্চ বিদ্যালয়"
"901","ঢাকা","কিশোরগঞ্জ","বাজিতপুর","হিলাচিয়া স্কুল এন্ড কলেজ"
"900","ঢাকা","কিশোরগঞ্জ","বাজিতপুর","পিরিজপুর উচ্চ বিদ্যালয়"
"899","ঢাকা","কিশোরগঞ্জ","বাজিতপুর","সরারচর ফাজিল (ডিগ্রী) মাদ্রাসা"
"898","ঢাকা","কিশোরগঞ্জ","বাজিতপুর","হাফেজ আব্দুর রাজ্জাক পাইলট মডেল উচ্চ বিদ্যালয়"
"897","ঢাকা","কিশোরগঞ্জ","বাজিতপুর","সরারচর শিবনাথ বহুমূখী উচ্চ বিদ্যালয়"
"896","ঢাকা","কিশোরগঞ্জ","বাজিতপুর","নাজিরুল ইসলাম কলেজিয়েট স্কুল"
"895","খুলনা","মেহেরপুর","গাংনী","শানঘাট-চাঁন্দামারী মাধ্যমিক বিদ্যালয়"
"894","খুলনা","মেহেরপুর","গাংনী","বাদিয়াপাড়া-মহাব্বতপুর মাধ্যমিক বিদ্যালয়"
"893","খুলনা","মেহেরপুর","গাংনী","বেতবাড়ীয়া মাধ্যমিক বিদ্যালয়"
"892","খুলনা","মেহেরপুর","গাংনী","করমদি মাধ্যমিক বিদ্যালয়"
"891","খুলনা","মেহেরপুর","গাংনী","সাহেবনগর মাধ্যমিক বিদ্যালয়"
"890","খুলনা","মেহেরপুর","গাংনী","মহাম্মদপুর আদর্শ মাধ্যমিক বিদ্যালয়"
"889","খুলনা","মেহেরপুর","গাংনী","গাঁড়াডোব মাধ্যমিক বিদ্যালয়"
"888","খুলনা","মেহেরপুর","গাংনী","ডি.জে.এম.সি মাধ্যমিক বিদ্যালয়"
"887","খুলনা","মেহেরপুর","গাংনী","কে.এন.এস.এইচ বালিকা মাধ্যমিক বিদ্যালয়"
"886","খুলনা","মেহেরপুর","গাংনী","এইচ. বি মাধ্যমিক বিদ্যালয়"
"885","খুলনা","মেহেরপুর","গাংনী","ভোমরদহ-ধর্মচাকী (বি.ডি) মাধ্যমিক বিদ্যালয়"
"884","খুলনা","মেহেরপুর","গাংনী","বাওট আদর্শ মাধ্যমিক বালিকা বিদ্যালয়"
"883","খুলনা","মেহেরপুর","গাংনী","এইচ. এম. এইচ. ভি. মাধ্যমিক বালিকা বিদ্যালয়"
"882","খুলনা","মেহেরপুর","গাংনী","ধানখোলা মাধ্যমিক বিদ্যালয়"
"881","খুলনা","মেহেরপুর","গাংনী","হিজলবাড়ীয়া মাধ্যমিক বিদ্যালয়"
"880","রংপুর","দিনাজপুর","ফুলবাড়ী","এস. শ্রীরামপুর উচ্চ বিদ্যালয়"
"879","রংপুর","দিনাজপুর","ফুলবাড়ী","পুখুরী স্কুল এন্ড কলেজ"
"878","রংপুর","দিনাজপুর","পার্বতীপুর","ফুলবাড়ী পাইলট বালিকা উচ্চ বিদ্যালয়"
"877","রংপুর","দিনাজপুর","ফুলবাড়ী","সিদ্দিশী উচ্চ বিদ্যালয়"
"876","রংপুর","দিনাজপুর","ফুলবাড়ী","রুদ্রানী উচ্চ বিদ্যালয়"
"875","রংপুর","দিনাজপুর","পার্বতীপুর","দেউল উচ্চ বিদ্যালয়"
"874","রংপুর","দিনাজপুর","পার্বতীপুর","অধ্যাপক আফজাল সোবহান উচ্চ বিদ্যালয়"
"873","রংপুর","দিনাজপুর","পার্বতীপুর","নুরুল মজিদ উচ্চ বিদ্যালয়"
"872","রংপুর","দিনাজপুর","পার্বতীপুর","ঝাড়ুয়াডাঙ্গা উচ্চ বিদ্যালয়"
"871","রংপুর","দিনাজপুর","পার্বতীপুর","সিরাজুল হুদা উচ্চ বিদ্যালয়"
"870","রংপুর","দিনাজপুর","পার্বতীপুর","পাটিকাঘাট সুলতানপুর আদর্শ উচ্চ বিদ্যালয়"
"869","রংপুর","দিনাজপুর","পার্বতীপুর","পার্বতীপুর এ এস এম উচ্চ বিদ্যালয়"
"868","রংপুর","দিনাজপুর","পার্বতীপুর","মধ্যপাড়া মহাবিদ্যালয়"
"867","রংপুর","দিনাজপুর","পার্বতীপুর","রাজাবাসর স্কুল এন্ড কলেজ"
"866","রংপুর","দিনাজপুর","পার্বতীপুর","বেলাইচন্ডি স্কুল এন্ড কলেজ"
"865","রংপুর","দিনাজপুর","পার্বতীপুর","ফুলবাড়ী জি. এম পাইলট উচ্চ বিদ্যালয়"
"864","চট্টগ্রাম","ব্রাহ্মণবাড়িয়া","আশুগঞ্জ"," জামিয়া ইসলামিয়া দারুল উলুম সোহাগপুর"
"863","চট্টগ্রাম","ব্রাহ্মণবাড়িয়া","সরাইল","সরাইল সদর উচ্চ বিদ্যালয়"
"862","চট্টগ্রাম","ব্রাহ্মণবাড়িয়া","সরাইল","জামেয়া ফারুকিয়া ওয়াজেদুল উলুম ইসলামাবাদ"
"861","চট্টগ্রাম","ব্রাহ্মণবাড়িয়া","আশুগঞ্জ","হাজী আব্দুল জলিল সরকারী উচ্চ বিদ্যালয়"
"860","চট্টগ্রাম","ব্রাহ্মণবাড়িয়া","সরাইল","জামিয়া রহমানিয়া বেড়তলা"
"859","রাজশাহী","পাবনা","পাবনা সদর","আলহাজ্ব ইলিয়াস উচ্চ বিদ্যালয়"
"858","রাজশাহী","পাবনা","পাবনা সদর","পাবনা টাউন গার্লস হাই স্কুল"
"857","রাজশাহী","পাবনা","পাবনা সদর","হাজেরা খাতুন গার্লস হাই স্কুল"
"856","রাজশাহী","পাবনা","ফরিদপুর","হাদল ইউনিয়ন উচ্চ বিদ্যালয়"
"855","রাজশাহী","পাবনা","পাবনা সদর","শহীদ মেজর মির্জা আব্দুল বাতেন দাখিল মাদ্রাসা"
"854","খুলনা","খুলনা","ফুলতলা","আটরা শ্রীনাথ মাধ্যমিক বিদ্যালয়"
"853","খুলনা","খুলনা","ফুলতলা","পঠিয়াবান্ধা শুকলা স্মরনিকা মাধ্যমিক বালিকা বিদ্যালয়"
"852","খুলনা","খুলনা","ফুলতলা","গাড়াখোলা মাধ্যমিক বিদ্যালয়"
"851","খুলনা","খুলনা","ডুমুরিয়া","মধুগ্রাম ইসলামিয়া আলিম মাদ্রাসা"
"850","খুলনা","খুলনা","ডুমুরিয়া","ড. এস কে বাকার কলেজ"
"849","খুলনা","খুলনা","ডুমুরিয়া","কাছারী বাড়ী আর আর জি টি মাধ্যমিক বিদ্যালয়"
"848","খুলনা","খুলনা","ডুমুরিয়া","মিকশিমিল রুদাঘরা মাধ্যমিক বিদ্যালয়"
"847","খুলনা","খুলনা","ডুমুরিয়া","শোভনা বিরাজময়ী মাধ্যমিক বিদ্যালয়"
"846","খুলনা","খুলনা","ডুমুরিয়া","উলা-মৈখালি মাধ্যমিক বিদ্যালয়"
"845","খুলনা","খুলনা","ডুমুরিয়া","বাদুড়িয়া মাধ্যমিক বিদ্যালয়"
"844","খুলনা","খুলনা","ডুমুরিয়া","খর্ণিয়া ইউনিয়ন মাধ্যমিক বিদ্যালয়"
"843","খুলনা","খুলনা","ডুমুরিয়া","কাঁঠালতলা মাধ্যমিক বিদ্যালয়"
"842","খুলনা","খুলনা","ডুমুরিয়া","রংপুর কালিবাটী মাধ্যমিক বিদ্যালয়"
"841","খুলনা","খুলনা","ডুমুরিয়া","শহীদ স্মৃতি মহিলা কলেজ"
"840","খুলনা","খুলনা","ডুমুরিয়া","শাহাপুর মাধ্যমিক বিদ্যালয়"
"839","খুলনা","খুলনা","ডুমুরিয়া","ডুমুরিয়া এন, জি সি এ্যান্ড এন, সি কে মাধ্যমিক বিদ্যালয়"
"838","ময়মনসিংহ","ময়মনসিংহ","মুক্তাগাছা","বানিয়াবাড়ী আদর্শ উচ্চ বিদ্যালয়"
"837","ময়মনসিংহ","ময়মনসিংহ","মুক্তাগাছা","বিনোদবাড়ী মানকোন দাখিল মাদ্রাসা"
"836","ময়মনসিংহ","ময়মনসিংহ","মুক্তাগাছা","মিলেনিয়াম মাধ্যমিক একাডেমি"
"835","ময়মনসিংহ","ময়মনসিংহ","মুক্তাগাছা","সৈয়দপাড়া উচ্চ বিদ্যালয়"
"834","ময়মনসিংহ","ময়মনসিংহ","মুক্তাগাছা","সোনারগাঁও উচ্চ বিদ্যালয়"
"833","ময়মনসিংহ","ময়মনসিংহ","মুক্তাগাছা","দড়িকাঠবওলা চন্দনী আটা উচ্চ বিদ্যালয়"
"832","ময়মনসিংহ","ময়মনসিংহ","মুক্তাগাছা","মনতলা দাখিল মাদ্রাসা"
"831","ময়মনসিংহ","ময়মনসিংহ","মুক্তাগাছা","লক্ষীপুর উচ্চ বিদ্যালয়"
"830","ময়মনসিংহ","ময়মনসিংহ","মুক্তাগাছা","জগীর উদ্দিন উচ্চ বিদ্যালয়"
"829","ময়মনসিংহ","ময়মনসিংহ","মুক্তাগাছা","বনবাংলা এফ রহমান উচ্চ বিদ্যালয়"
"828","ময়মনসিংহ","ময়মনসিংহ","মুক্তাগাছা","ঝনকা উচ্চ বিদ্যালয়"
"827","ময়মনসিংহ","ময়মনসিংহ","মুক্তাগাছা","এস. কে. এম উচ্চ বিদ্যালয়"
"826","ময়মনসিংহ","ময়মনসিংহ","মুক্তাগাছা","বিরাশি উচ্চ বিদ্যালয়"
"825","ময়মনসিংহ","ময়মনসিংহ","মুক্তাগাছা","বাবর রাবেয়া নগর আইট জুনিয়র বিদ্যালয়"
"824","ময়মনসিংহ","ময়মনসিংহ","মুক্তাগাছা","চেচুয়া উচ্চ বিদ্যালয়"
"823","ময়মনসিংহ","ময়মনসিংহ","মুক্তাগাছা","নগেন্দ্র নারায়ন বালিকা বিদ্যালয় (এন এন স্কুল)"
"822","রংপুর","লালমনিরহাট","পাটগ্রাম","ধবলসুতি উচ্চ বিদ্যালয়"
"821","রংপুর","লালমনিরহাট","পাটগ্রাম","পাটগ্রাম আদর্শ উচ্চ বিদ্যালয়"
"820","রংপুর","লালমনিরহাট","পাটগ্রাম","মির্জারকোট উচ্চ বিদ্যালয়"
"819","রংপুর","লালমনিরহাট","পাটগ্রাম","ললিতারহাট উচ্চ বিদ্যালয়"
"818","রংপুর","লালমনিরহাট","পাটগ্রাম","জোংড়া ন্যাশনাল উচ্চ বিদ্যালয়"
"817","রংপুর","লালমনিরহাট","পাটগ্রাম","রসুলপুর আব্দাল হোসেন উচ্চ বিদ্যালয়"
"816","রংপুর","লালমনিরহাট","হাতীবান্ধা","পারুলিয়া তফসিলী উচ্চ বিদ্যালয় এন্ড কলেজ"
"815","রংপুর","লালমনিরহাট","হাতীবান্ধা","বোর্ডেরহাট উচ্চ বিদ্যালয়"
"814","রংপুর","লালমনিরহাট","হাতীবান্ধা","গোতামারী উচ্চ বিদ্যালয়"
"813","রংপুর","লালমনিরহাট","হাতীবান্ধা","কেতকীবাড়ী উচ্চ বিদ্যালয়"
"812","রংপুর","লালমনিরহাট","হাতীবান্ধা","লোকমান হোসেন উচ্চ বিদ্যালয়"
"811","রংপুর","লালমনিরহাট","হাতীবান্ধা","গড্ডিমারী দ্বি-মুখী উচ্চ বিদ্যালয়"
"810","রংপুর","লালমনিরহাট","হাতীবান্ধা","হাবিবুর রহমান মোস্তাজির উচ্চ বিদ্যালয়"
"809","রংপুর","লালমনিরহাট","হাতীবান্ধা","পাইকারটারী উচ্চ বিদ্যালয়"
"808","রংপুর","লালমনিরহাট","হাতীবান্ধা","বড়খাতা বালিকা উচ্চ বিদ্যালয়"
"807","রংপুর","লালমনিরহাট","হাতীবান্ধা","বড়খাতা ডিগ্রী কলেজ"
"806","রংপুর","লালমনিরহাট","হাতীবান্ধা","বীর মুক্তিযোদ্ধা মোতাহার হোসেন কলেজ"
"805","রংপুর","নীলফামারী","নীলফামারী সদর"," পুলিশ লাইনস একাডেমী"
"804","রংপুর","নীলফামারী","নীলফামারী সদর","ছমির উদ্দিন স্কুল এন্ড কলেজ"
"803","রংপুর","নীলফামারী","নীলফামারী সদর","নীলফামারী আলিয়া মাদ্রাসা"
"802","রংপুর","নীলফামারী","নীলফামারী সদর","কচুকাটা উচ্চ বিদ্যালয়"
"801","রংপুর","নীলফামারী","নীলফামারী সদর","ফুলতলা উচ্চ বিদ্যালয়"
"800","রংপুর","নীলফামারী","নীলফামারী সদর","দক্ষিণপাড়া বালিকা উচ্চ বিদ্যালয়"
"799","রংপুর","নীলফামারী","নীলফামারী সদর","যাদুরহাট স্কুল এন্ড কলেজ"
"798","রংপুর","নীলফামারী","নীলফামারী সদর","কানিয়ালখাতা উচ্চ বিদ্যালয়"
"797","রংপুর","নীলফামারী","নীলফামারী সদর","রামগঞ্জ বি.এল উচ্চ বিদ্যালয়"
"796","রংপুর","নীলফামারী","নীলফামারী সদর","পলাশবাড়ী কলেজ"
"795","রংপুর","নীলফামারী","নীলফামারী সদর","খোকশাবাড়ী এম.ইউ উচ্চ বিদ্যালয়"
"794","রংপুর","নীলফামারী","নীলফামারী সদর","কাঞ্চনপাড়া এফ.এ. উচ্চ বিদ্যালয়"
"793","রংপুর","নীলফামারী","নীলফামারী সদর","চড়চড়াবাড়ী উচ্চ বিদ্যালয়"
"792","রংপুর","নীলফামারী","নীলফামারী সদর","উত্তর কাঞ্চনপাড়া উচ্চ বিদ্যালয়"
"791","রংপুর","নীলফামারী","নীলফামারী সদর","মুশরত গোড়গ্রাম দুকুড়ি (এম.ডি.আর) উচ্চ বিদ্যালয়"
"790","রংপুর","নীলফামারী","নীলফামারী সদর"," রাবেয়া বালিকা বিদ্যানিকেতন"
"789","রংপুর","দিনাজপুর","দিনাজপুর সদর","ফুলবন ফাজিল মাদ্রাসা"
"788","রংপুর","দিনাজপুর","দিনাজপুর সদর","পাঁচকুড় উচ্চ বিদ্যালয়"
"787","রংপুর","দিনাজপুর","দিনাজপুর সদর","হাজী মোহাম্মদ দানেশ বিজ্ঞান ও প্রযুক্তি বিশ্ববিদ্যালয় স্কুল"
"786","রংপুর","দিনাজপুর","দিনাজপুর সদর","গোদাগাড়ী উচ্চ বিদ্যালয়"
"785","রংপুর","দিনাজপুর","দিনাজপুর সদর","দিনাজপুর কালেক্টরেট স্কুল এন্ড কলেজ"
"784","রংপুর","দিনাজপুর","দিনাজপুর সদর","পুলিশ লাইন উচ্চ বিদ্যালয়"
"783","রংপুর","দিনাজপুর","দিনাজপুর সদর","ক্রিসেন্ট কিন্ডার গার্টেন বালিকা উচ্চ বিদ্যালয়"
"782","রংপুর","দিনাজপুর","দিনাজপুর সদর","আল আমিন ইনস্টিটিউট উচ্চ বিদ্যালয়"
"781","রংপুর","দিনাজপুর","দিনাজপুর সদর","ঈদগাঁহ বালিকা উচ্চ বিদ্যালয়"
"780","রংপুর","দিনাজপুর","দিনাজপুর সদর","শহীদ কর্ণেল কুদরত ইলাহী পাবলিক স্কুল"
"779","রংপুর","দিনাজপুর","দিনাজপুর সদর","হাজী মোহাম্মদ দানেশ বিজ্ঞান ও প্রযুক্তি বিশ্ববিদ্যালয় এর সিএসই অনুষদ ইসিই বিভাগ"
"778","রংপুর","দিনাজপুর","দিনাজপুর সদর","চাঁদগঞ্জ ডিগ্রী কলেজ"
"777","রংপুর","দিনাজপুর","দিনাজপুর সদর","দিনাজপুর সংগীত ডিগ্রী কলেজ"
"776","রংপুর","দিনাজপুর","দিনাজপুর সদর","কে বি এম কলেজ"
"775","রংপুর","দিনাজপুর","দিনাজপুর সদর","আদর্শ মহাবিদ্যালয়"
"774","রংপুর","দিনাজপুর","দিনাজপুর সদর","দিনাজপুর একাডেমি উচ্চ বিদ্যালয়"
"773","ঢাকা","ঢাকা","ঢাকা দক্ষিণ সিটি কর্পোরেশন","কসাইটুলী মুসলিম একাডেমী"
"772","ঢাকা","ঢাকা","ঢাকা দক্ষিণ সিটি কর্পোরেশন","হযরতবাগ আলিম মাদ্রাসা"
"771","ঢাকা","ঢাকা","ঢাকা দক্ষিণ সিটি কর্পোরেশন","শহীদ মানিক আদর্শ উচ্চ বিদ্যালয়"
"770","ঢাকা","ঢাকা","ঢাকা দক্ষিণ সিটি কর্পোরেশন","আজিজিয়া ইসলামিয়া উচ্চ বিদ্যালয়"
"769","ঢাকা","ঢাকা","ঢাকা দক্ষিণ সিটি কর্পোরেশন","বংশাল গার্লস হাই স্কুল"
"768","ঢাকা","ঢাকা","ঢাকা দক্ষিণ সিটি কর্পোরেশন","ইসলামিয়া উচ্চ বিদ্যালয়"
"767","ঢাকা","ঢাকা","ঢাকা দক্ষিণ সিটি কর্পোরেশন","বীর শ্রেষ্ঠ মতিউর রহমান হাই স্কুল"
"766","ঢাকা","ঢাকা","ঢাকা দক্ষিণ সিটি কর্পোরেশন","ইসলামবাগ আশরাফ আলী উচ্চ বিদ্যালয়"
"765","ঢাকা","ঢাকা","ঢাকা দক্ষিণ সিটি কর্পোরেশন","মিল্লাত উচ্চ বিদ্যালয়"
"764","ঢাকা","ঢাকা","ঢাকা দক্ষিণ সিটি কর্পোরেশন","হাম্মাদিয়া উচ্চ বিদ্যালয়"
"763","ঢাকা","ঢাকা","ঢাকা দক্ষিণ সিটি কর্পোরেশন","হাজী সেলিম বিশ্ববিদ্যালয় কলেজ"
"762","ঢাকা","ঢাকা","ঢাকা দক্ষিণ সিটি কর্পোরেশন","আহমেদ বাওয়ানী একাডেমী মহিলা কলেজ"
"761","ঢাকা","ঢাকা","ঢাকা দক্ষিণ সিটি কর্পোরেশন","নতুন পল্টন লাইন উচ্চ মাধ্যমিক বিদ্যালয়"
"760","ঢাকা","ঢাকা","ঢাকা দক্ষিণ সিটি কর্পোরেশন","রহমতউল্লাহ মডেল হাই স্কুল"
"759","ঢাকা","ঢাকা","ঢাকা দক্ষিণ সিটি কর্পোরেশন","ওয়েষ্ট এন্ড হাই স্কুল"
"758","রংপুর","ঠাকুরগাঁও","পীরগঞ্জ","বেগুনগাঁও দাখিল মাদ্রাসা"
"757","রংপুর","ঠাকুরগাঁও","বালিয়াডাঙ্গী","মধ্যচাড়োল আজিজিয়া দাখিল মাদ্রাসা"
"756","রংপুর","ঠাকুরগাঁও","বালিয়াডাঙ্গী","সাবাজপুর উচ্চ বিদ্যালয়"
"755","রংপুর","ঠাকুরগাঁও","ঠাকুরগাঁও সদর","আরাজী গুঞ্জরগড় উচ্চ বিদ্যালয়"
"754","রংপুর","ঠাকুরগাঁও","ঠাকুরগাঁও সদর","কিশামত উচ্চ বিদ্যালয়"
"753","চট্টগ্রাম","নোয়াখালী","চাটখিল","দারুল ইসলাম বালিকা উচ্চ বিদ্যালয়"
"752","চট্টগ্রাম","নোয়াখালী","চাটখিল","পাচগাঁও বালিকা উচ্চ বিদ্যালয়"
"751","চট্টগ্রাম","নোয়াখালী","চাটখিল","তালতলা আদর্শ উচ্চ বিদ্যালয়"
"750","চট্টগ্রাম","নোয়াখালী","চাটখিল","সিংবাহুড়া গার্লস একাডেমি"
"749","চট্টগ্রাম","নোয়াখালী","চাটখিল","বদলকোট উচ্চ বিদ্যালয়"
"748","চট্টগ্রাম","রাঙ্গামাটি","রাঙ্গামাটি সদর","শাহ বহুমুখী উচ্চ বিদ্যালয়"
"747","রংপুর","পঞ্চগড়","দেবীগঞ্জ","ভাউলাগঞ্জ ডিগ্রী কলেজ"
"746","রংপুর","পঞ্চগড়","দেবীগঞ্জ","চেংঠী কলেজ"
"745","রংপুর","পঞ্চগড়","বোদা","বঙ্গবন্ধু শেখ মুজিব-ইন্দিরা মহাবিদ্যালয়"
"744","রংপুর","পঞ্চগড়","বোদা","মানিকপীর ডিগ্রী ফাযিল মাদ্রাসা"
"743","রংপুর","পঞ্চগড়","দেবীগঞ্জ","জাহানারা ইমাম বালিকা উচ্চ বিদ্যালয়"
"742","রংপুর","পঞ্চগড়","দেবীগঞ্জ","ব্রক্ষত্তর সুন্দরদিঘী উচ্চ বিদ্যালয়"
"741","রংপুর","পঞ্চগড়","বোদা","নতুনহাট সফি উদ্দিন উচ্চ বিদ্যালয়"
"740","রংপুর","পঞ্চগড়","বোদা","কামারহাট দ্বি-মুখী উচ্চ বিদ্যালয়"
"739","রংপুর","পঞ্চগড়","বোদা","সাকোয়া বালিকা উচ্চ বিদ্যালয়"
"738","রংপুর","পঞ্চগড়","বোদা","তেপুকুরিয়া বালিকা উচ্চ বিদ্যালয়"
"737","রংপুর","পঞ্চগড়","বোদা","এন বি এল ফুলতলা বালিকা উচ্চ বিদ্যালয়"
"736","রংপুর","পঞ্চগড়","বোদা","বড়শশী বালিকা উচ্চ বিদ্যালয়"
"735","রংপুর","পঞ্চগড়","বোদা","মাড়েয়া মডেল উচ্চ বিদ্যালয়"
"734","রংপুর","পঞ্চগড়","বোদা","নয়াদিঘী উচ্চ বিদ্যালয়"
"733","রংপুর","পঞ্চগড়","বোদা","ময়দানদিঘী বালিকা উচ্চ বিদ্যালয়"
"732","রংপুর","পঞ্চগড়","বোদা","ময়দানদিঘী বিএল উচ্চ বিদ্যালয়"
"731","খুলনা","যশোর","অভয়নগর","হিদিয়া এ. এন. এইচ মাধ্যমিক বিদ্যালয়"
"730","খুলনা","যশোর","অভয়নগর","পায়রাহাট মাধ্যমিক বিদ্যালয়"
"729","খুলনা","যশোর","অভয়নগর","নাউলী ডি. আই. এন. জি. এস মাধ্যমিক বিদ্যালয়"
"728","খুলনা","যশোর","অভয়নগর"," ধুলগ্রাম মডেল মাধ্যমিক বিদ্যালয়"
"727","খুলনা","যশোর","অভয়নগর","ভবদহ মহাবিদ্যালয়"
"726","খুলনা","যশোর","অভয়নগর","মহাকাল পাইলট স্কুল এন্ড কলেজ"
"725","খুলনা","যশোর","বাঘারপাড়া","যাদবপুর টেকনিক্যাল স্কুল এন্ড কলেজ"
"724","খুলনা","যশোর","বাঘারপাড়া","খবির-উর রহমান কলেজ"
"723","খুলনা","যশোর","বাঘারপাড়া","রায়পুর স্কুল এন্ড কলেজ"
"722","খুলনা","যশোর","বাঘারপাড়া","নারিকেল বাড়ীয়া বহুমুখী মাধ্যমিক বিদ্যালয়"
"721","খুলনা","যশোর","বাঘারপাড়া","ছাতিয়ানতলা মাধ্যমিক বিদ্যালয়"
"720","খুলনা","যশোর","বাঘারপাড়া","ছিলিমপুর মাধ্যমিক বিদ্যালয়"
"719","খুলনা","যশোর","বাঘারপাড়া","বন্দবিলা মাধ্যমিক বিদ্যালয়"
"718","খুলনা","যশোর","বাঘারপাড়া","চন্ডিপুর মাধ্যমিক বিদ্যালয়"
"717","খুলনা","যশোর","বাঘারপাড়া","বেতালপাড়া বহুমুখী মাধ্যমিক বিদ্যালয়"
"716","ময়মনসিংহ","ময়মনসিংহ","ময়মনসিংহ সদর","মেজবাউল উলুম দাখিল মাদ্রাসা"
"715","ময়মনসিংহ","ময়মনসিংহ","ময়মনসিংহ সদর","জেলা পরিষদ উচ্চ বিদ্যালয়"
"714","ময়মনসিংহ","ময়মনসিংহ","ময়মনসিংহ সদর","ভাবখালী উচ্চ বিদ্যালয়"
"713","ময়মনসিংহ","ময়মনসিংহ","ময়মনসিংহ সদর","রানী রাজবালা উচ্চ বিদ্যালয়"
"712","ময়মনসিংহ","ময়মনসিংহ","ময়মনসিংহ সদর","চর শৃগলদী সাহেবিয়া দাখিল মাদ্রাসা"
"711","ময়মনসিংহ","ময়মনসিংহ","ময়মনসিংহ সদর","মাইজবাড়ী আব্দুল খালেক উচ্চ বিদ্যালয়"
"710","ময়মনসিংহ","ময়মনসিংহ","ময়মনসিংহ সদর","বেগুনবাড়ী উচ্চ বিদ্যালয়"
"709","ময়মনসিংহ","ময়মনসিংহ","ময়মনসিংহ সদর","সিটি কলেজিয়েট স্কুল"
"708","ময়মনসিংহ","ময়মনসিংহ","ময়মনসিংহ সদর","মোমেনশাহী ডি. এস. কামিল মাদ্রাসা"
"707","ময়মনসিংহ","ময়মনসিংহ","ময়মনসিংহ সদর","শহীদ সৈয়দ নজরুল ইসলাম কলেজ"
"706","ময়মনসিংহ","ময়মনসিংহ","ময়মনসিংহ সদর","অষ্টগ্রাম বালিয়াপাড়া আলিম মাদ্রাসা"
"705","ময়মনসিংহ","ময়মনসিংহ","ময়মনসিংহ সদর","অম্বিকাগঞ্জ মহাবিদ্যালয়"
"704","ময়মনসিংহ","ময়মনসিংহ","ময়মনসিংহ সদর","ময়মনসিংহ মহিলা মহাবিদ্যালয়"
"703","ময়মনসিংহ","ময়মনসিংহ","ময়মনসিংহ সদর","কৃষি বিশ্ববিদ্যালয় কলেজ"
"702","ময়মনসিংহ","ময়মনসিংহ","ময়মনসিংহ সদর","ক্যাপ্টেন সালাউদ্দিন উচ্চ বিদ্যালয়"
"701","চট্টগ্রাম","চট্টগ্রাম","রাউজান","নোয়াপাড়া ডিগ্রী কলেজ"
"700","চট্টগ্রাম","চট্টগ্রাম","রাউজান","ইমাম গাজ্জালী ডিগ্রী কলেজ"
"699","চট্টগ্রাম","চট্টগ্রাম","রাউজান","নোয়াপাড়া উচ্চ বিদ্যালয়"
"698","চট্টগ্রাম","চট্টগ্রাম","রাউজান","গুজরা শ্যামাচরণ উচ্চ বিদ্যালয়"
"697","চট্টগ্রাম","চট্টগ্রাম","রাউজান","মধ্যম আধারমানিক উচ্চ বিদ্যালয়"
"696","চট্টগ্রাম","চট্টগ্রাম","রাউজান","গশ্চি উচ্চ বিদ্যালয়"
"695","চট্টগ্রাম","চট্টগ্রাম","রাউজান","রাউজান ব্যারিস্টার সুরেশ বিদ্যায়তন"
"694","চট্টগ্রাম","চট্টগ্রাম","রাউজান","রাউজান আর্যমৈত্রেয় ইনস্টিটিউশন"
"693","চট্টগ্রাম","চট্টগ্রাম","রাউজান","দলইনগর উচ্চ বিদ্যালয়"
"692","চট্টগ্রাম","চট্টগ্রাম","রাউজান","ফতেনগর নোয়াজিষপুর অদুদিয়া উচ্চ বিদ্যালয়"
"691","চট্টগ্রাম","চট্টগ্রাম","রাউজান","চিকদাইর উচ্চ বিদ্যালয়"
"690","চট্টগ্রাম","চট্টগ্রাম","রাউজান","ডাবুয়া তারাচরণ শ্যামাচরণ উচ্চ বিদ্যালয়"
"689","চট্টগ্রাম","চট্টগ্রাম","রাউজান","গহিরা এফ. কে জামেউল উলুম কামিল মাদ্রাসা"
"688","চট্টগ্রাম","চট্টগ্রাম","রাউজান","গহিরা এ. জে. ওয়াই এস. এস বহুমুখী উচ্চ বিদ্যালয়"
"687","চট্টগ্রাম","চট্টগ্রাম","রাউজান","রাউজান আর. আর. এ. সি মডেল সরকারি হাই স্কুল"
"686","চট্টগ্রাম","ব্রাহ্মণবাড়িয়া","বাঞ্ছারামপুর","রুপসদী ফাজিল মাদ্রাসা"
"685","চট্টগ্রাম","ব্রাহ্মণবাড়িয়া","বাঞ্ছারামপুর","বাঞ্ছারামপুর সোবহানিয়া ইসলামিয়া ফাজিল মাদ্রাসা"
"684","চট্টগ্রাম","ব্রাহ্মণবাড়িয়া","বাঞ্ছারামপুর","দশদোনা নিম্ন মাধ্যমিক বিদ্যালয়"
"683","চট্টগ্রাম","ব্রাহ্মণবাড়িয়া","বাঞ্ছারামপুর","সোনারামপুর নিম্ন মাধ্যমিক বিদ্যালয়"
"682","চট্টগ্রাম","ব্রাহ্মণবাড়িয়া","বাঞ্ছারামপুর","দুলারামপুর হাসু ইসলাম নিম্ন মাধ্যমিক বিদ্যালয়"
"681","চট্টগ্রাম","ব্রাহ্মণবাড়িয়া","বাঞ্ছারামপুর","বাঞ্ছারামপুর সরকারি এস. এম. পাইলট মডেল উচ্চ বিদ্যালয়"
"680","চট্টগ্রাম","ব্রাহ্মণবাড়িয়া","বাঞ্ছারামপুর","খাল্লা উচ্চ বিদ্যালয়"
"679","চট্টগ্রাম","ব্রাহ্মণবাড়িয়া","বাঞ্ছারামপুর","দরিয়াদৌলত আব্দুল গনি উচ্চ বিদ্যালয়"
"678","চট্টগ্রাম","ব্রাহ্মণবাড়িয়া","বাঞ্ছারামপুর","আকানগর এসইএসডিপি মডেল উচ্চ বিদ্যালয়"
"677","চট্টগ্রাম","ব্রাহ্মণবাড়িয়া","বাঞ্ছারামপুর","ভুরভুরিয়া আদর্শ উচ্চ বিদ্যালয়"
"676","চট্টগ্রাম","ব্রাহ্মণবাড়িয়া","বাঞ্ছারামপুর","ফরদাবাদ আদর্শ উচ্চ বিদ্যালয়"
"675","চট্টগ্রাম","ব্রাহ্মণবাড়িয়া","বাঞ্ছারামপুর","তেজখালী ইউনিয়ন উচ্চ বিদ্যালয়"
"674","চট্টগ্রাম","ব্রাহ্মণবাড়িয়া","বাঞ্ছারামপুর","এইচ কে আছমাতুন্নেছা উচ্চ বিদ্যালয়"
"673","চট্টগ্রাম","ব্রাহ্মণবাড়িয়া","বাঞ্ছারামপুর","মরিচাকান্দি ডি. টি. একাডেমী"
"672","চট্টগ্রাম","ব্রাহ্মণবাড়িয়া","বাঞ্ছারামপুর","বাহের চর আদর্শ উচ্চ বিদ্যালয়"
"671","চট্টগ্রাম","ব্রাহ্মণবাড়িয়া","বাঞ্ছারামপুর","উজানচর কে এন উচ্চ বিদ্যালয়"
"670","ঢাকা","টাঙ্গাইল","টাঙ্গাইল সদর","রাসেদ হাসান উচ্চ বিদ্যালয়"
"669","ঢাকা","টাঙ্গাইল","টাঙ্গাইল সদর","হোসনেআরা হাসান উচ্চ বিদ্যালয়"
"668","ঢাকা","টাঙ্গাইল","টাঙ্গাইল সদর","মগড়া বালিকা উচ্চ বিদ্যালয়"
"667","ঢাকা","টাঙ্গাইল","টাঙ্গাইল সদর","মেজর মাহমুদুল হাসান উচ্চ বিদ্যালয়"
"666","ঢাকা","টাঙ্গাইল","টাঙ্গাইল সদর","মাহমুদুল হাসান আদর্শ বিদ্যানিকেতন"
"665","ঢাকা","টাঙ্গাইল","টাঙ্গাইল সদর","চৌধুরী মালঞ্চ উচ্চ বিদ্যালয়"
"664","ঢাকা","টাঙ্গাইল","টাঙ্গাইল সদর","বরুহা উচ্চ বিদ্যালয়"
"663","ঢাকা","টাঙ্গাইল","টাঙ্গাইল সদর","ছোট বাশালিয়া উচ্চ বিদ্যালয়"
"662","ঢাকা","টাঙ্গাইল","টাঙ্গাইল সদর","বড় বাশালিয়া উচ্চ বিদ্যালয়"
"661","ঢাকা","টাঙ্গাইল","টাঙ্গাইল সদর","পোড়াবাড়ী উচ্চ বিদ্যালয়"
"660","ঢাকা","টাঙ্গাইল","টাঙ্গাইল সদর","আবেদা খানম গার্লস হাইস্কুল এন্ড কলেজ"
"659","ঢাকা","টাঙ্গাইল","টাঙ্গাইল সদর","খাসকাকুয়া উচ্চ বিদ্যালয়"
"658","ঢাকা","টাঙ্গাইল","টাঙ্গাইল সদর","আজিম মেমোরিয়াল উচ্চ বিদ্যালয়"
"657","ঢাকা","টাঙ্গাইল","টাঙ্গাইল সদর","আনুহলা উচ্চ বিদ্যালয়"
"656","ঢাকা","টাঙ্গাইল","টাঙ্গাইল সদর","হুগড়া হাবিব কাদের উচ্চ বিদ্যালয়"
"655","ঢাকা","টাঙ্গাইল","টাঙ্গাইল সদর","জোবায়দা উচ্চ বিদ্যালয়"
"654","ঢাকা","টাঙ্গাইল","টাঙ্গাইল সদর","টাঙ্গাইল শিবনাথ উচ্চ বিদ্যালয়"
"653","ঢাকা","টাঙ্গাইল","টাঙ্গাইল সদর","টাঙ্গাইল বালিকা উচ্চ বিদ্যালয়"
"652","বরিশাল","ঝালকাঠি","নলছিটি","নলছিটি ইসলামিয়া ফাজিল মাদ্রাসা"
"651","বরিশাল","ঝালকাঠি","নলছিটি","রানাপাশা উচ্চ মাধ্যমিক বিদ্যালয়"
"650","বরিশাল","ঝালকাঠি","নলছিটি","কুলকাঠী শহিদিয়া ইউনিয়ন একাডেমি"
"649","বরিশাল","ঝালকাঠি","নলছিটি","নলছিটি গার্লস স্কুল এন্ড কলেজ"
"648","বরিশাল","ঝালকাঠি","নলছিটি","খাগড়াখানা মডেল হাই স্কুল"
"647","বরিশাল","ঝালকাঠি","নলছিটি","চন্দ্রকান্দা মাধ্যমিক বিদ্যালয়"
"646","বরিশাল","ঝালকাঠি","নলছিটি","দপদপিয়া ইউনিয়ন ডিগ্রী কলেজ"
"645","বরিশাল","ঝালকাঠি","নলছিটি","সরকারি নলছিটি ডিগ্রী কলেজ"
"644","বরিশাল","ঝালকাঠি","ঝালকাঠি সদর","সাচিলাপুর কিস্তাকাঠী স্কুল এন্ড কলেজ"
"643","বরিশাল","ঝালকাঠি","ঝালকাঠি সদর","ঝালকাঠী এন. এস. কামিল মাদ্রাসা মাধ্যমিক বিদ্যালয়"
"642","বরিশাল","ঝালকাঠি","ঝালকাঠি সদর","আফসার মেমোরিয়াল মাধ্যমিক বিদ্যালয়"
"641","বরিশাল","ঝালকাঠি","ঝালকাঠি সদর","শেখেরহাট রোকেয়া খাতুন বালিকা মাধ্যমিক বিদ্যালয়"
"640","বরিশাল","ঝালকাঠি","ঝালকাঠি সদর","নবগ্রাম মডেল মাধ্যমিক বিদ্যালয়"
"639","বরিশাল","ঝালকাঠি","ঝালকাঠি সদর","উদ্বোধন মাধ্যমিক বিদ্যালয়"
"638","বরিশাল","ঝালকাঠি","ঝালকাঠি সদর","শেরে বাংলা ফজলুল হক কলেজ"
"637","বরিশাল","ঝালকাঠি","ঝালকাঠি সদর","শাহ মাহমুদিয়া কলেজ"
"636","বরিশাল","ঝালকাঠি","ঝালকাঠি সদর","আকলিমা মোয়াজ্জেম হোসেন ডিগ্রী কলেজ"
"635","রাজশাহী","সিরাজগঞ্জ","কামারখন্দ","বড়ধুল আদর্শ উচ্চ বিদ্যালয়"
"634","রাজশাহী","সিরাজগঞ্জ","কামারখন্দ","রায়দৌলতপুর উচ্চ বিদ্যালয়"
"633","রাজশাহী","সিরাজগঞ্জ","কামারখন্দ","মফিজ উদ্দিন তালুকদার স্মৃতি উচ্চ বিদ্যালয়"
"632","রাজশাহী","সিরাজগঞ্জ","কামারখন্দ","নান্দিনা কামালিয়া উচ্চ বিদ্যালয়"
"631","রাজশাহী","সিরাজগঞ্জ","কামারখন্দ","কোনাবাড়ী ইসহাক উচ্চ বিদ্যালয়"
"630","রাজশাহী","সিরাজগঞ্জ","সিরাজগঞ্জ সদর","চর খোকশাবাড়ী উচ্চ বিদ্যালয়"
"629","রাজশাহী","সিরাজগঞ্জ","সিরাজগঞ্জ সদর","তেতুলিয়া চুনিয়াহাটি উচ্চ বিদ্যালয়"
"628","রাজশাহী","সিরাজগঞ্জ","সিরাজগঞ্জ সদর","মল্লিকা ছানাউল্লাহ আনছারী উচ্চ বিদ্যালয়"
"627","রাজশাহী","সিরাজগঞ্জ","সিরাজগঞ্জ সদর","পোড়াবাড়ী উচ্চ বিদ্যালয়"
"626","রাজশাহী","সিরাজগঞ্জ","সিরাজগঞ্জ সদর","রিভারভিউ আইডিয়াল কলেজ"
"625","রাজশাহী","সিরাজগঞ্জ","সিরাজগঞ্জ সদর","এস.বি. রেলওয়ে কলোনি স্কুল এন্ড কলেজ"
"624","রাজশাহী","সিরাজগঞ্জ","সিরাজগঞ্জ সদর","সিরাজগঞ্জ বিদ্যুৎ উন্নয়ন বোর্ড মাধ্যমিক বিদ্যালয়"
"623","রাজশাহী","সিরাজগঞ্জ","সিরাজগঞ্জ সদর","সিরাজগঞ্জ বহুমুখী উচ্চ বিদ্যালয়"
"622","রাজশাহী","সিরাজগঞ্জ","সিরাজগঞ্জ সদর","জাহান আরা উচ্চ বিদ্যালয়"
"621","রাজশাহী","সিরাজগঞ্জ","সিরাজগঞ্জ সদর","বি. এল. সরকারি উচ্চ বিদ্যালয়"
"620","রাজশাহী","সিরাজগঞ্জ","সিরাজগঞ্জ সদর","সালেহা ইসহাক সরকারি বালিকা উচ্চ বিদ্যালয়"
"619","খুলনা","খুলনা","খুলনা সিটি কর্পোরেশন","শিপইয়ার্ড স্কুল এন্ড কলেজ"
"618","খুলনা","খুলনা","খুলনা সিটি কর্পোরেশন","নিরালা আদর্শ মাধ্যমিক বিদ্যালয়"
"617","খুলনা","খুলনা","খুলনা সিটি কর্পোরেশন","রুপসা বহুমূখী উচ্চ বিদ্যালয়"
"616","খুলনা","খুলনা","খুলনা সিটি কর্পোরেশন","সিটি গার্লস কলেজ"
"615","খুলনা","খুলনা","খুলনা সিটি কর্পোরেশন","রেলওয়ে মাধ্যমিক বালিকা বিদ্যালয়"
"614","খুলনা","খুলনা","খুলনা সিটি কর্পোরেশন","খুলনা কলেজিয়েট গার্লস স্কুল এন্ড কেসিসি উইমেন্স কলেজ"
"613","খুলনা","খুলনা","খুলনা সিটি কর্পোরেশন","পল্লীমঙ্গল মাধ্যমিক বিদ্যালয়"
"612","খুলনা","খুলনা","খুলনা সিটি কর্পোরেশন","ঢাকা ম্যাচ ইন্ডাস্ট্রিজ মাধ্যমিক বিদ্যালয়"
"611","খুলনা","খুলনা","খুলনা সিটি কর্পোরেশন","লায়ন্স স্কুল এন্ড কলেজ"
"610","খুলনা","খুলনা","খুলনা সিটি কর্পোরেশন","বি কে ইউনিয়ন ইনস্টিটিউশন"
"609","খুলনা","খুলনা","খুলনা সিটি কর্পোরেশন","খুলনা কালেক্টরেট পাবলিক স্কুল এন্ড কলেজ"
"608","খুলনা","খুলনা","খুলনা সিটি কর্পোরেশন","খুলনা কলেজ"
"607","খুলনা","খুলনা","খুলনা সিটি কর্পোরেশন","আহছানউল্লাহ কলেজ"
"606","খুলনা","খুলনা","খুলনা সিটি কর্পোরেশন","সবুরননেছা মহিলা ডিগ্রী কলেজ"
"605","খুলনা","খুলনা","খুলনা সিটি কর্পোরেশন","শেখ আবু নাছের দাখিল মাদ্রাসা"
"604","খুলনা","খুলনা","খুলনা সিটি কর্পোরেশন","সরকারী করোনেশন মাধ্যমিক বালিকা বিদ্যালয়"
"603","খুলনা","খুলনা","খুলনা সিটি কর্পোরেশন","খুলনা জিলা স্কুল"
"602","খুলনা","কুষ্টিয়া","মিরপুর","মীর আব্দুল করিম কলেজ"
"601","খুলনা","কুষ্টিয়া","মিরপুর","হালসা আদর্শ ডিগ্রী কলেজ"
"600","খুলনা","কুষ্টিয়া","মিরপুর","কুর্শা মাধ্যমিক বিদ্যালয়"
"599","খুলনা","কুষ্টিয়া","মিরপুর","খাদিমপুর মাধ্যমিক বালিকা বিদ্যালয়"
"598","খুলনা","কুষ্টিয়া","মিরপুর","বহলবাড়ীয়া মাধ্যমিক বিদ্যালয়"
"597","খুলনা","কুষ্টিয়া","মিরপুর","তালবাড়ীয়া উচ্চ বিদ্যালয়"
"596","খুলনা","কুষ্টিয়া","মিরপুর","পোড়াদহ মাধ্যমিক বালিকা বিদ্যালয়"
"595","খুলনা","কুষ্টিয়া","মিরপুর","কুরিপোল আদর্শ মাধ্যমিক বিদ্যালয়"
"594","খুলনা","কুষ্টিয়া","মিরপুর","বুরাপাড়া মিটন মাধ্যমিক বিদ্যালয়"
"593","খুলনা","কুষ্টিয়া","মিরপুর","জাহানারা মাধ্যমিক বালিকা বিদ্যালয়"
"592","খুলনা","কুষ্টিয়া","ভেড়ামারা","রায়টা মাধ্যমিক বিদ্যালয়"
"591","খুলনা","কুষ্টিয়া","ভেড়ামারা","জুনিয়াদহ মাধ্যমিক বিদ্যালয়"
"590","খুলনা","কুষ্টিয়া","ভেড়ামারা","দামুকদিয়া মাধ্যমিক বিদ্যালয়"
"589","খুলনা","কুষ্টিয়া","ভেড়ামারা","ডি এম মাধ্যমিক বিদ্যালয়"
"588","খুলনা","কুষ্টিয়া","ভেড়ামারা","পশ্চিম বাহিরচর ১২ মাইল দাখিল মাদ্রাসা"
"587","খুলনা","কুষ্টিয়া","ভেড়ামারা","সরকারী ভেড়ামারা পাইলট মাধ্যমিক বালিকা বিদ্যালয়"
"586","খুলনা","সাতক্ষীরা","কালিগঞ্জ","নলতা মাধ্যমিক বিদ্যালয়"
"585","বরিশাল","ভোলা","চরফ্যাশন","চর নাজিম উদ্দিন মাধ্যমিক বিদ্যালয়"
"584","বরিশাল","ভোলা","চরফ্যাশন","কেরামতগঞ্জ মাধ্যমিক বিদ্যালয়"
"583","বরিশাল","ভোলা","চরফ্যাশন","পূর্ব চর তোফাজ্জল এ ছালাম দাখিল মাদ্রাসা"
"582","বরিশাল","ভোলা","চরফ্যাশন","আছলামপুর আজহার মাধ্যমিক বিদ্যালয়"
"581","বরিশাল","ভোলা","চরফ্যাশন","ওসমানগঞ্জ মাধ্যমিক বিদ্যালয়"
"580","বরিশাল","ভোলা","চরফ্যাশন","শিবার হাট আদর্শ মাধ্যমিক বিদ্যালয়"
"579","বরিশাল","ভোলা","চরফ্যাশন","দক্ষিণ শিবা জমিলা দাখিল মাদ্রাসা"
"578","বরিশাল","ভোলা","মনপুরা","হাজিরহাট হোসাইনিয়া আলিম মাদ্রাসা"
"577","বরিশাল","ভোলা","মনপুরা","আন্দির পাড় মাধ্যমিক বিদ্যালয়"
"576","বরিশাল","ভোলা","মনপুরা","ফৈজুদ্দিন মাধ্যমিক বিদ্যালয়"
"575","বরিশাল","ভোলা","মনপুরা","উত্তর সাকুচিয়া মাধ্যমিক বিদ্যালয়"
"574","বরিশাল","ভোলা","চরফ্যাশন","আবুবকরপুর ইসলামিয়া আমিনা ফাজিল মাদ্রাসা"
"573","বরিশাল","ভোলা","চরফ্যাশন","মফিজাবাগ এফ.এইচ মাধ্যমিক বিদ্যালয়"
"572","বরিশাল","ভোলা","চরফ্যাশন","কুলছুমবাগ এ মোতালেব মাধ্যমিক বিদ্যালয়"
"571","বরিশাল","ভোলা","চরফ্যাশন","চেয়ারম্যান বাজার মাধ্যমিক বিদ্যালয়"
"570","বরিশাল","ভোলা","চরফ্যাশন","দুলারহাট মাধ্যমিক বিদ্যালয়"
"569","বরিশাল","ভোলা","চরফ্যাশন","এয়াকুব মাধ্যমিক বিদ্যালয়"
"568","বরিশাল","ভোলা","চরফ্যাশন","নীলিমা জ্যাকব কলেজ"
"567","বরিশাল","ভোলা","চরফ্যাশন","দক্ষিণ আইচা অধ্যক্ষ নজরুল ইসলাম কলেজ"
"566","বরিশাল","ভোলা","চরফ্যাশন","চরফ্যাশন টাউন মাধ্যমিক বিদ্যালয়"
"565","বরিশাল","পিরোজপুর","ইন্দুরকানী","দারুচ্ছুন্নাহ জামেয়া-এ ইসলামিয়া ফাজিল মাদ্রাসা"
"564","বরিশাল","পিরোজপুর","ইন্দুরকানী","জয়কুল আদর্শ মাধ্যমিক বিদ্যালয় ও কারিগরি স্কুল এন্ড কলেজ"
"563","বরিশাল","পিরোজপুর","ইন্দুরকানী","গন্ধর্ব জানকীনাথ মাধ্যমিক বিদ্যালয়"
"562","বরিশাল","পিরোজপুর","ইন্দুরকানী","রঘুনাথপুর ই.জি.এস শিক্ষানিকেতন"
"561","বরিশাল","পিরোজপুর","কাউখালী","বালিপাড়া ইউনিয়ন আলিম মাদ্রাসা"
"560","বরিশাল","পিরোজপুর","কাউখালী","কলারণ চন্ডিপুর আদর্শ মাধ্যমিক বিদ্যালয়"
"559","বরিশাল","পিরোজপুর","কাউখালী","পত্তাশী জনকল্যাণ মাধ্যমিক বিদ্যালয় ও বি এম কলেজ"
"558","বরিশাল","পিরোজপুর","কাউখালী","টগড়া দারুল ইসলাম কামিল (এম.এ) মডেল মাদ্রাসা"
"557","বরিশাল","পিরোজপুর","ভান্ডারিয়া","ধাওয়া রাজপাশা আদর্শ মাধ্যমিক বিদ্যালয়"
"556","বরিশাল","পিরোজপুর","ভান্ডারিয়া","দক্ষিণ শিয়ালকাঠী আলিম মাদ্রাসা"
"555","বরিশাল","পিরোজপুর","ভান্ডারিয়া","জুনিয়া মাধ্যমিক বিদ্যালয়"
"554","বরিশাল","পিরোজপুর","ভান্ডারিয়া","ভিটাবাড়ীয়া নূরজাহান হাবিব আদর্শ বালিকা মাধ্যমিক বিদ্যালয়"
"553","বরিশাল","পিরোজপুর","ভান্ডারিয়া","আতরখালী মাধ্যমিক বিদ্যালয়"
"552","বরিশাল","পিরোজপুর","ভান্ডারিয়া","পৈকখালী হাজী এস.এন. জামান মাধ্যমিক বিদ্যালয়"
"551","বরিশাল","পিরোজপুর","ভান্ডারিয়া","বড় কানুয়া মাধ্যমিক বিদ্যালয়"
"550","বরিশাল","ভোলা","বোরহানউদ্দিন","কাচিয়া টবগী মাধ্যমিক বিদ্যালয়"
"549","বরিশাল","ভোলা","বোরহানউদ্দিন","বোরহানউদ্দিন মহিলা ডিগ্রী কলেজ"
"548","বরিশাল","ভোলা","বোরহানউদ্দিন","গঙ্গাপুর মাধ্যমিক বিদ্যালয়"
"547","বরিশাল","ভোলা","বোরহানউদ্দিন","মানিকা মাধ্যমিক বিদ্যালয়"
"546","বরিশাল","ভোলা","বোরহানউদ্দিন","বোরহানউদ্দিন বালিকা মাধ্যমিক বিদ্যালয়"
"545","বরিশাল","ভোলা","বোরহানউদ্দিন","ডিটিএম মাধ্যমিক বিদ্যালয়"
"544","বরিশাল","ভোলা","বোরহানউদ্দিন","মোজাম্মেল হক চৌধুরী মাধ্যমিক বিদ্যালয়"
"543","বরিশাল","ভোলা","দৌলতখান","জয়নাল আবেদীন ল্যাবরেটারি হাই স্কুল"
"542","বরিশাল","ভোলা","দৌলতখান","হাজীপুর ইসলামিয়া ফাজিল মাদ্রাসা"
"541","বরিশাল","ভোলা","দৌলতখান","চরগুমানি মাধ্যমিক বিদ্যালয়"
"540","বরিশাল","ভোলা","দৌলতখান","জয়নগর ইসলামিয়া ফাজিল মাদ্রাসা"
"539","বরিশাল","ভোলা","দৌলতখান","দঃ জয়নগর হোসানিয়া ফাজিল মাদ্রাসা"
"538","বরিশাল","ভোলা","দৌলতখান","জয়নগর মাধ্যমিক বিদ্যালয়"
"537","বরিশাল","ভোলা","দৌলতখান","সুকদেব মদন মোহন মাধ্যমিক বিদ্যালয়"
"536","বরিশাল","ভোলা","দৌলতখান","আজহার আলী মাধ্যমিক বিদ্যালয়"
"535","ঢাকা","শরীয়তপুর","গোসাইরহাট","কাশিখন্ড ইসলামিয়া দাখিল মাদ্রাসা"
"534","ঢাকা","শরীয়তপুর","গোসাইরহাট","ইদিলপুর দাখিল মাদ্রাসা"
"533","ঢাকা","শরীয়তপুর","গোসাইরহাট","নাগেরপাড়া উচ্চ বিদ্যালয়"
"532","ঢাকা","শরীয়তপুর","গোসাইরহাট","সামন্তসার মাধ্যমিক বিদ্যালয়"
"531","ঢাকা","শরীয়তপুর","ভেদরগঞ্জ","সাজনপুর ইসলামিয়া উচ্চ বিদ্যালয়"
"530","ঢাকা","শরীয়তপুর","ডামুড্যা","চরমালগাঁও উচ্চ বিদ্যালয়"
"529","ঢাকা","শরীয়তপুর","ডামুড্যা","পূর্ব ডামুড্যা আদর্শ উচ্চ বিদ্যালয়"
"528","ঢাকা","শরীয়তপুর","ডামুড্যা","আলহাজ্ব আব্দুল হামিদ উচ্চ বিদ্যালয়"
"527","ঢাকা","শরীয়তপুর","ডামুড্যা","মীর আব্দুল মজিদ উচ্চ বিদ্যালয়"
"526","ঢাকা","শরীয়তপুর","ভেদরগঞ্জ","মনুয়া আহলে সুন্নাহ ইসলামিয়া দাখিল মাদ্রাসা"
"525","ঢাকা","শরীয়তপুর","ভেদরগঞ্জ","গৈড্যা এম.এস. ফাজিল মাদ্রাসা"
"524","ঢাকা","শরীয়তপুর","ভেদরগঞ্জ","দারুল ফয়েজ ইসলামিয়া দাখিল মাদ্রাসা"
"523","ঢাকা","শরীয়তপুর","ভেদরগঞ্জ","রামভদ্রপুর কে.আই. আলিম মাদ্রাসা"
"522","ঢাকা","শরীয়তপুর","ভেদরগঞ্জ","ভেনপা নাসির উদ্দিন উচ্চ বিদ্যালয়"
"521","ঢাকা","শরীয়তপুর","গোসাইরহাট","বড়কালীনগর মাধ্যমিক বিদ্যালয়"
"520","ঢাকা","শরীয়তপুর","গোসাইরহাট","খলিলুর রহমান ইসলামিয়া ফাজিল মাদ্রাসা"
"519","ঢাকা","শরীয়তপুর","ডামুড্যা","সিড্যা উচ্চ বিদ্যালয়"
"518","ঢাকা","শরীয়তপুর","ডামুড্যা","শিধলকুড়া উচ্চ বিদ্যালয়"
"517","ঢাকা","শরীয়তপুর","গোসাইরহাট","কুচাইপট্টি মাধ্যমিক বিদ্যালয়"
"516","ঢাকা","শরীয়তপুর","গোসাইরহাট","দেওয়ান মফিজ উদ্দিন উচ্চ বিদ্যালয়"
"515","ঢাকা","শরীয়তপুর","ডামুড্যা","কনেশ্বর এস.সি.এড ওয়ার্ড ইনস্টিটিউশন"
"514","ঢাকা","শরীয়তপুর","গোসাইরহাট","শেখ ফজিলাতুন্নেছা ইসলামিয়া দাখিল মাদ্রাসা"
"513","ঢাকা","শরীয়তপুর","ডামুড্যা","ইমাম উদ্দিন উচ্চ বিদ্যালয়"
"512","ঢাকা","নারায়ণগঞ্জ","আড়াইহাজার","পূর্বকান্দী আদর্শ দাখিল মাদ্রাসা"
"511","ঢাকা","নারায়ণগঞ্জ","আড়াইহাজার","রসুলপুর মহিলা দাখিল মাদ্রাসা"
"510","ঢাকা","নারায়ণগঞ্জ","আড়াইহাজার","গোপালদী সিনিয়র ফাজিল মাদ্রাসা"
"509","ঢাকা","নারায়ণগঞ্জ","আড়াইহাজার","নগরডৌকাদী আহাম্মদিয়া দাখিল মাদ্রাসা"
"508","ঢাকা","নারায়ণগঞ্জ","আড়াইহাজার","রসুলপুর ওসমান মোল্লা ইসলামিয়া ফাজিল মাদ্রাসা"
"507","ঢাকা","নারায়ণগঞ্জ","আড়াইহাজার","আড়াইহাজার ইমদাদুল উলুম আলিম মাদ্রাসা"
"506","ঢাকা","নারায়ণগঞ্জ","আড়াইহাজার","ইউনাইটেড স্কুল এন্ড কলেজ"
"505","ঢাকা","নারায়ণগঞ্জ","আড়াইহাজার","বিশনন্দী বীর মুক্তিযোদ্ধা আব্দুল কাদের উচ্চ বিদ্যালয় "
"504","ঢাকা","নারায়ণগঞ্জ","আড়াইহাজার","বিশনন্দী হাজী খোকন উচ্চ বিদ্যালয় "
"503","ঢাকা","নারায়ণগঞ্জ","আড়াইহাজার","আলহাজ্ব আবু তালেব মোল্লা উচ্চ বিদ্যালয় "
"502","ঢাকা","নারায়ণগঞ্জ","আড়াইহাজার","আলহাজ্ব শাহজালাল মিয়া উচ্চ বিদ্যালয় "
"501","ঢাকা","নারায়ণগঞ্জ","আড়াইহাজার","কলাগাছিয়া হাই স্কুল"
"500","ঢাকা","নারায়ণগঞ্জ","আড়াইহাজার","কলাগাছিয়া আর. এফ উচ্চ বিদ্যালয় "
"499","ঢাকা","নারায়ণগঞ্জ","আড়াইহাজার","মাহমুদপুর ইউনিয়ন উচ্চ বিদ্যালয় "
"498","ঢাকা","নারায়ণগঞ্জ","আড়াইহাজার","আতাদী উচ্চ বিদ্যালয় "
"497","ঢাকা","নারায়ণগঞ্জ","আড়াইহাজার","উজান গোবিন্দী বিনাইরচর উচ্চ বিদ্যালয় "
"496","ঢাকা","নারায়ণগঞ্জ","আড়াইহাজার","এম. এ. বদরুজ্জামান উচ্চ বিদ্যালয় "
"495","ঢাকা","নারায়ণগঞ্জ","আড়াইহাজার","বালিয়াপাড়া উচ্চ বিদ্যালয় "
"494","ঢাকা","নারায়ণগঞ্জ","আড়াইহাজার","বান্টি আদর্শ উচ্চ বিদ্যালয় "
"493","ঢাকা","নারায়ণগঞ্জ","আড়াইহাজার","সিংহদী এম এ মোতালেব ভূইয়া উচ্চ বিদ্যালয় "
"492","ঢাকা","নারায়ণগঞ্জ","আড়াইহাজার","রসুলপুর মাতাইন হাজী আসাদুজ্জামান উচ্চ বিদ্যালয় "
"491","ঢাকা","নারায়ণগঞ্জ","আড়াইহাজার","জাঙ্গাঁলিয়া উচ্চ বিদ্যালয় "
"490","ঢাকা","নারায়ণগঞ্জ","আড়াইহাজার","সদাসদী বহুমূখী উচ্চ বিদ্যালয় "
"489","ঢাকা","নারায়ণগঞ্জ","আড়াইহাজার","গোপালদী বালিকা উচ্চ বিদ্যালয় "
"488","ঢাকা","নারায়ণগঞ্জ","আড়াইহাজার","রোকন উদ্দিন পাইলট বালিকা উচ্চ বিদ্যালয় "
"487","ঢাকা","নারায়ণগঞ্জ","আড়াইহাজার","দুপ্তার সেন্ট্রাল করোনেশন উচ্চ বিদ্যালয় "
"486","রাজশাহী","নওগাঁ","ধামইরহাট","খেলনা উচ্চ বিদ্যালয়"
"485","রাজশাহী","নওগাঁ","ধামইরহাট","আগ্রাদ্বিগুণ মহাবিদ্যালয়"
"484","রাজশাহী","নওগাঁ","ধামইরহাট","জাহাঙ্গীর আলম মেমোরিয়াল কলেজ"
"483","রাজশাহী","নওগাঁ","ধামইরহাট","ধামইরহাট সিদ্দিকীয়া ফাজিল মাদ্রাসা"
"482","রাজশাহী","নওগাঁ","ধামইরহাট","রাঙ্গামাটি উচ্চ বিদ্যালয়"
"481","রাজশাহী","নওগাঁ","ধামইরহাট","আগ্রাদ্বিগুণ বালিকা উচ্চ বিদ্যালয়"
"480","রাজশাহী","নওগাঁ","ধামইরহাট","ধামইরহাট মহিলা কলেজ"
"479","রাজশাহী","নওগাঁ","ধামইরহাট","নজিপুর মহিলা কলেজ"
"478","রাজশাহী","নওগাঁ","পত্নীতলা","কৃষ্ণপুর মহাবিদ্যালয়"
"477","রাজশাহী","নওগাঁ","পত্নীতলা","নজিপুর উপজেলা ফাজিল মাদ্রাসা"
"476","রাজশাহী","নওগাঁ","পত্নীতলা","বাকরুইল উচ্চ বিদ্যালয়"
"475","রাজশাহী","নওগাঁ","পত্নীতলা","গাহন উচ্চ বিদ্যালয়"
"474","রাজশাহী","নওগাঁ","পত্নীতলা","শিহাড়া উচ্চ বিদ্যালয়"
"473","রাজশাহী","নওগাঁ","পত্নীতলা","বটতলী উচ্চ বিদ্যালয়"
"472","রাজশাহী","নওগাঁ","পত্নীতলা","গগণপুর উচ্চ বিদ্যালয়"
"471","রাজশাহী","নওগাঁ","পত্নীতলা","ধামইরহাট সফিয়া উচ্চ বিদ্যালয়"
"470","রাজশাহী","পাবনা","সুজানগর","সুজানগর মহিলা ডিগ্রী কলেজ"
"469","রাজশাহী","পাবনা","সুজানগর","সাতবাড়ীয়া ডিগ্রী কলেজ"
"468","রাজশাহী","পাবনা","সুজানগর","নিজাম উদ্দিন আজগর আলী ডিগ্রী কলেজ"
"467","রাজশাহী","পাবনা","সুজানগর","পুরান মাসুমদিয়া ভবানীপুর কেজিবি ডিগ্রী কলেজ"
"466","রাজশাহী","পাবনা","সুজানগর","ঢালারচর উচ্চ বিদ্যালয়"
"465","রাজশাহী","পাবনা","সুজানগর","মালিফা হাবিবর রহমান উচ্চ বিদ্যালয়"
"464","রাজশাহী","পাবনা","সুজানগর","বজলুর রহমান উচ্চ বিদ্যালয়"
"463","রাজশাহী","পাবনা","সুজানগর","শহীদ দুলাল পাইলট বালিকা উচ্চ বিদ্যালয়"
"462","রাজশাহী","পাবনা","সুজানগর","রাইপুর বালিকা উচ্চ বিদ্যালয়"
"461","রাজশাহী","পাবনা","সুজানগর","সাগরকান্দি উচ্চ বিদ্যালয়"
"460","রাজশাহী","পাবনা","সুজানগর","বোনকোলা স্কুল এন্ড কলেজ"
"459","রাজশাহী","পাবনা","সুজানগর","সাতবাড়ীয়া বালিকা উচ্চ বিদ্যালয়"
"458","রাজশাহী","পাবনা","সুজানগর","দূর্গাপুর নেছার খাতুন বালিকা উচ্চ বিদ্যালয়"
"457","রাজশাহী","পাবনা","সুজানগর","সুজানগর সরকারি পাইলট উচ্চ বিদ্যালয়"
"456","রাজশাহী","পাবনা","সুজানগর","সাতবাড়ীয়া উচ্চ বিদ্যালয়"
"455","রাজশাহী","রাজশাহী","বাগমারা","মিরপুর উচ্চ বিদ্যালয়"
"454","রাজশাহী","রাজশাহী","বাগমারা","কাচারী কোয়ালীপাড়া উচ্চ বিদ্যালয়"
"453","রাজশাহী","রাজশাহী","বাগমারা","মচমইল ডিগ্রী কলেজ"
"452","রাজশাহী","রাজশাহী","বাগমারা","মন্দিয়াল জোতিগঞ্জ উচ্চ বিদ্যালয়"
"451","রাজশাহী","রাজশাহী","বাগমারা","বীরকুৎসা অবিনাশ স্কুল এন্ড কলেজ"
"450","রাজশাহী","রাজশাহী","বাগমারা","দ্বীপপুর আদর্শ উচ্চ বালিকা বিদ্যালয়"
"449","রাজশাহী","রাজশাহী","বাগমারা","বাগান্না উচ্চ বিদ্যালয়"
"448","রাজশাহী","রাজশাহী","বাগমারা","কোনাবাড়িয়া উচ্চ বিদ্যালয়"
"447","রাজশাহী","রাজশাহী","বাগমারা","মচমইল উচ্চ বিদ্যালয়"
"446","রাজশাহী","রাজশাহী","বাগমারা","হাটদামনাশ দাখিল মাদ্রাসা"
"445","রাজশাহী","রাজশাহী","বাগমারা","কাতিলা সবুজ সংঘ আদর্শ হাইস্কুল এন্ড কলেজ"
"444","রাজশাহী","রাজশাহী","বাগমারা","ঝিকরা উচ্চ বিদ্যালয়"
"443","রাজশাহী","রাজশাহী","বাগমারা","হাট গাঙ্গোপাড়া উচ্চ বিদ্যালয়"
"442","রাজশাহী","রাজশাহী","বাগমারা","আলোকনগর মহিলা স্কুল এন্ড কলেজ"
"441","রাজশাহী","রাজশাহী","বাগমারা","খর্দকৌড় উচ্চ বিদ্যালয়"
"440","রাজশাহী","রাজশাহী","বাগমারা","বড় বিহানালী গার্লস হাইস্কুল এন্ড কলেজ"
"439","রাজশাহী","রাজশাহী","বাগমারা","গোয়ালকান্দি দাখিল মাদ্রাসা"
"438","রাজশাহী","রাজশাহী","বাগমারা","মচমইল বালিকা উচ্চ বিদ্যালয়"
"437","রাজশাহী","রাজশাহী","বাগমারা","সালেহা ইমারত গার্লস একাডেমী"
"436","রাজশাহী","রাজশাহী","বাগমারা","সাঁকোয়া উচ্চ বিদ্যালয়"
"435","রাজশাহী","বগুড়া","শিবগঞ্জ","গাংনগর উচ্চ বিদ্যালয়"
"434","রাজশাহী","বগুড়া","শিবগঞ্জ","বড় বেল ঘড়িয়া মাদ্রাসা"
"433","রাজশাহী","বগুড়া","শিবগঞ্জ","খাদইল উচ্চ বিদ্যালয়"
"432","রাজশাহী","বগুড়া","শিবগঞ্জ","চলনাকাথি মাদ্রাসা"
"431","রাজশাহী","বগুড়া","শিবগঞ্জ","মহাস্থান মাদ্রাসা"
"430","রাজশাহী","বগুড়া","শিবগঞ্জ","কালিতলা উচ্চ বিদ্যালয়"
"429","রাজশাহী","বগুড়া","শিবগঞ্জ","কালিতলা উচ্চ বিদ্যালয়"
"428","রাজশাহী","বগুড়া","শিবগঞ্জ","এন.বি.আর. উচ্চ বিদ্যালয়"
"427","রাজশাহী","বগুড়া","শিবগঞ্জ","করতকোলা জোনাব আলী উচ্চ বিদ্যালয়"
"426","রাজশাহী","বগুড়া","শিবগঞ্জ","সৈয়দ মিনা উচ্চ বিদ্যালয়"
"425","রাজশাহী","বগুড়া","শিবগঞ্জ","বিহার উচ্চ বিদ্যালয়"
"424","রাজশাহী","বগুড়া","শিবগঞ্জ","চন্ডিহারা বালিকা উচ্চ বিদ্যালয়"
"423","রাজশাহী","বগুড়া","শিবগঞ্জ","মোকামতলা উচ্চ বিদ্যালয়"
"422","রাজশাহী","বগুড়া","শিবগঞ্জ","গুজিয়া উচ্চ বিদ্যালয়"
"421","রাজশাহী","বগুড়া","শিবগঞ্জ","ময়দান হাট্টা মোশারফ মন্ডল মহাবিদ্যালয়"
"420","রাজশাহী","বগুড়া","শিবগঞ্জ","দাড়িদহ উচ্চ বিদ্যালয়"
"419","রাজশাহী","বগুড়া","শিবগঞ্জ","জগন্নাথ উচ্চ বিদ্যালয়"
"418","রাজশাহী","বগুড়া","শিবগঞ্জ","পীরব ইউনাইটেড মহাবিদ্যালয়"
"417","রাজশাহী","বগুড়া","শিবগঞ্জ","মোকামতলা মহিলা ‍ডিগ্রী কলেজ"
"416","রাজশাহী","বগুড়া","শিবগঞ্জ","রহবল উচ্চ বিদ্যালয়"
"415","রাজশাহী","বগুড়া","শিবগঞ্জ","মহাস্থান উচ্চ বিদ্যালয়"
"414","রাজশাহী","নাটোর","বড়াইগ্রাম","আগ্রান উচ্চ বিদ্যালয়"
"413","রাজশাহী","নাটোর","বড়াইগ্রাম","সেন্ট লুইস উচ্চ বিদ্যালয়"
"412","রাজশাহী","নাটোর","বড়াইগ্রাম","মৌখাড়া উচ্চ বিদ্যালয়"
"411","রাজশাহী","নাটোর","বড়াইগ্রাম","আদগ্রাম শহীদ শাহজাহান উচ্চ বিদ্যালয়"
"410","রাজশাহী","নাটোর","বড়াইগ্রাম","দেওশীন উচ্চ বিদ্যালয়"
"409","রাজশাহী","নাটোর","বড়াইগ্রাম","পাঁচবাড়ীয়া আদর্শ  বালিকা বিদ্যালয়"
"408","রাজশাহী","নাটোর","বড়াইগ্রাম","নিশ্চিন্তপুর উচ্চ বিদ্যালয়"
"407","রাজশাহী","নাটোর","বড়াইগ্রাম","কৈডিমা উচ্চ বিদ্যালয়"
"406","রাজশাহী","নাটোর","বড়াইগ্রাম","আজম আলী ডিগ্রী কলেজ"
"405","রাজশাহী","নাটোর","বড়াইগ্রাম","আহমেদপুর উচ্চ বিদ্যালয়"
"404","রাজশাহী","নাটোর","গুরুদাসপুর","চন্দ্রপুর উচ্চ বিদ্যালয়"
"403","রাজশাহী","নাটোর","গুরুদাসপুর","মশিন্দা উচ্চ বিদ্যালয়"
"402","রাজশাহী","নাটোর","গুরুদাসপুর","চাঁচকৈড় নাজিমুদ্দিন স্কুল এন্ড কলেজ"
"401","রাজশাহী","নাটোর","গুরুদাসপুর","ধানুড়া উচ্চ বিদ্যালয়"
"400","রাজশাহী","নাটোর","গুরুদাসপুর","চাপিলা উচ্চ বিদ্যালয়"
"399","রাজশাহী","নাটোর","গুরুদাসপুর","কাছিকাটা স্কুল এন্ড কলেজ"
"398","রাজশাহী","নাটোর","গুরুদাসপুর","দূর্গাপুর স্কুল এন্ড কলেজ"
"397","রাজশাহী","নাটোর","গুরুদাসপুর","শিকারপাড়া মডেল ফাজিল মাদ্রাসা"
"396","রাজশাহী","নাটোর","গুরুদাসপুর","ধানুড়া বালিকা উচ্চ বিদ্যালয়"
"395","রাজশাহী","নাটোর","গুরুদাসপুর","সোনাবাজু উচ্চ বিদ্যালয়"
"394","রাজশাহী","নাটোর","গুরুদাসপুর","গুরুদাসপুর পাইলট উচ্চ বিদ্যালয়"
"393","রাজশাহী","চাঁপাইনবাবগঞ্জ","শিবগঞ্জ","নয়ালডাঙ্গা আহসানউল্লাহ দাখিল মাদ্রাসা"
"392","রাজশাহী","চাঁপাইনবাবগঞ্জ","শিবগঞ্জ","বাগবাড়ী উচ্চ বিদ্যালয়"
"391","রাজশাহী","চাঁপাইনবাবগঞ্জ","শিবগঞ্জ","রাধাকান্তপুর উচ্চ বিদ্যালয়"
"390","রাজশাহী","চাঁপাইনবাবগঞ্জ","শিবগঞ্জ","রাধাকান্তপুর ডিগ্রী কলেজ"
"389","রাজশাহী","চাঁপাইনবাবগঞ্জ","শিবগঞ্জ","সোভান উচ্চ বিদ্যালয়"
"388","রাজশাহী","চাঁপাইনবাবগঞ্জ","শিবগঞ্জ","শ্যামপুর হাজী মমতাজ মিয়া ডিগ্রী কলেজ"
"387","রাজশাহী","চাঁপাইনবাবগঞ্জ","শিবগঞ্জ","শিবগঞ্জ উচ্চ বিদ্যালয়"
"386","রাজশাহী","চাঁপাইনবাবগঞ্জ","শিবগঞ্জ","চরকির্তী স্কুল এন্ড কলেজ"
"385","রাজশাহী","চাঁপাইনবাবগঞ্জ","শিবগঞ্জ","রানীহাট উচ্চ বিদ্যালয়"
"384","রাজশাহী","চাঁপাইনবাবগঞ্জ","শিবগঞ্জ","বিনোদপুর আলিম মাদ্রাসা"
"383","রাজশাহী","চাঁপাইনবাবগঞ্জ","শিবগঞ্জ","চরতারাপুর স্কুল এন্ড কলেজ"
"382","রাজশাহী","চাঁপাইনবাবগঞ্জ","শিবগঞ্জ","চন্ডিপুর হেদায়েতুল্লা মহিলা দাখল মাদ্রাসা"
"381","রাজশাহী","চাঁপাইনবাবগঞ্জ","শিবগঞ্জ","হরিনগর উচ্চ বিদ্যালয়"
"380","রাজশাহী","চাঁপাইনবাবগঞ্জ","শিবগঞ্জ","উজিরপুর আদর্শ কলেজ"
"379","রাজশাহী","চাঁপাইনবাবগঞ্জ","শিবগঞ্জ","বিনোদপুর ডিগ্রী কলেজ"
"378","রাজশাহী","চাঁপাইনবাবগঞ্জ","শিবগঞ্জ","হাজী এশান মোহাম্মদ কারিগরি কামিল (এমএ) মাদ্রাসা"
"377","রাজশাহী","চাঁপাইনবাবগঞ্জ","শিবগঞ্জ","আলহাজ্ব শরীফ আহমেদ কারিগরি উচ্চ বিদ্যালয়"
"376","রাজশাহী","চাঁপাইনবাবগঞ্জ","শিবগঞ্জ","আলাবক্স মেমোরিয়াল ডিগ্রী কলেজ"
"375","রাজশাহী","চাঁপাইনবাবগঞ্জ","শিবগঞ্জ","শিবগঞ্জ মহিলা ডিগ্রী কলেজ"
"374","রাজশাহী","চাঁপাইনবাবগঞ্জ","শিবগঞ্জ","শিবগঞ্জ ডিগ্রী কলেজ"
"373","রাজশাহী","চাঁপাইনবাবগঞ্জ","শিবগঞ্জ","হুমায়ুন রেজা উচ্চ বিদ্যালয়"
"372","রাজশাহী","সিরাজগঞ্জ","তাড়াশ","ভি.এস.এ উচ্চ বিদ্যালয়"
"371","রাজশাহী","সিরাজগঞ্জ","তাড়াশ","ফুলজোড় ডিগ্রী কলেজ"
"370","রাজশাহী","সিরাজগঞ্জ","তাড়াশ","নাদোসৈয়দপুর জনকল্যাণ উচ্চ বিদ্যালয়"
"369","রাজশাহী","সিরাজগঞ্জ","তাড়াশ","লালুয়া মাঝিড়া উচ্চ বিদ্যালয়"
"368","রাজশাহী","সিরাজগঞ্জ","রায়গঞ্জ","এইচ.জি.বি এল রৌহা উচ্চ বিদ্যালয়"
"367","রাজশাহী","সিরাজগঞ্জ","রায়গঞ্জ","দাদপুর জি.আর কলেজ"
"366","রাজশাহী","সিরাজগঞ্জ","রায়গঞ্জ","সলংগা ডিগ্রী কলেজ"
"365","রাজশাহী","সিরাজগঞ্জ","রায়গঞ্জ","সরকারী বেগম নুরনাহার তর্কবাগীশ অনার্স কলেজ"
"364","রাজশাহী","সিরাজগঞ্জ","রায়গঞ্জ","নিমগাছি উচ্চ বিদ্যালয়"
"363","রাজশাহী","সিরাজগঞ্জ","রায়গঞ্জ","রায়গঞ্জ পাইলট উচ্চ বিদ্যালয়"
"362","রাজশাহী","সিরাজগঞ্জ","রায়গঞ্জ","সলংগা পাইলট বালিকা উচ্চ বিদ্যালয়"
"361","রাজশাহী","সিরাজগঞ্জ","তাড়াশ","হামকুড়িয়া উচ্চ বিদ্যালয়"
"360","রাজশাহী","সিরাজগঞ্জ","তাড়াশ","জে.আই.টেকনিক্যাল এন্ড বিএম কলেজ"
"359","রাজশাহী","সিরাজগঞ্জ","তাড়াশ","জিন্দানী ডিগ্রী কলেজ"
"358","রাজশাহী","সিরাজগঞ্জ","তাড়াশ","সরকারী বঙ্গমাতা শেখ ফজিলাতুন্নেছা মুজিব আইডিয়াল কলেজ"
"357","রাজশাহী","সিরাজগঞ্জ","তাড়াশ","জহির ‍উদ্দিন বিজ্ঞান ও কারিগরি স্কুল এন্ড কলেজ"
"356","রাজশাহী","সিরাজগঞ্জ","তাড়াশ","বিল চলন বঙ্গবন্ধু বহুমুখী উচ্চ বিদ্যালয়"
"355","রাজশাহী","সিরাজগঞ্জ","তাড়াশ","পৌষার আদিবাসি উচ্চ বিদ্যালয়"
"354","রাজশাহী","সিরাজগঞ্জ","তাড়াশ","সোলাপাড়া উচ্চ বিদ্যালয়"
"353","রাজশাহী","সিরাজগঞ্জ","তাড়াশ","তাড়াশ ইসলামীয়া পাইলট উচ্চ বিদ্যালয়"
"352","বরিশাল","পিরোজপুর","মঠবাড়ীয়া","শৌলা আদর্শ মাধ্যমিক বিদ্যালয়"
"351","বরিশাল","পিরোজপুর","মঠবাড়ীয়া","আঃ ওহাব মহিলা আলিম মাদ্রাসা"
"350","বরিশাল","পিরোজপুর","মঠবাড়ীয়া","শাপলেজা নেছারিয়া সিনিয়র মাদ্রাসা"
"349","বরিশাল","পিরোজপুর","মঠবাড়ীয়া","টিকিকাটা নুরিয়া সিনিয়র মাদ্রাসা"
"348","বরিশাল","পিরোজপুর","মঠবাড়ীয়া","বান্ধবপাড়া ছালেহিয়া সিনিয়র মাদ্রাসা"
"347","বরিশাল","পিরোজপুর","মঠবাড়ীয়া","দেবীপুর ইসলামিয়া ফাযিল মাদ্রাসা"
"346","বরিশাল","পিরোজপুর","মঠবাড়ীয়া","দাউদখালী ফাযিল মাদ্রাসা"
"345","বরিশাল","পিরোজপুর","মঠবাড়ীয়া","টিয়ারখালী মজিদ মেমোরিয়াল মাধ্যমিক বিদ্যালয়"
"344","বরিশাল","পিরোজপুর","মঠবাড়ীয়া","বড় মাছুয়া ইউনাইটেড হাই-ইনস্টিটিউশন"
"343","বরিশাল","পিরোজপুর","মঠবাড়ীয়া","বি.বি.এস মাধ্যমিক বিদ্যালয়"
"342","বরিশাল","পিরোজপুর","মঠবাড়ীয়া","হোগলাপাতি নেছারিয়া সি. ফাযিল মাদ্রাসা"
"341","বরিশাল","পিরোজপুর","মঠবাড়ীয়া","আমড়াগাছিয়া মাধ্যমিক বিদ্যালয়"
"340","বরিশাল","পিরোজপুর","মঠবাড়ীয়া","বেতমোড় আশ্রাফুল উলুম সিনিয়র মাদ্রাসা"
"339","বরিশাল","পিরোজপুর","মঠবাড়ীয়া","তুষখালী কলেজ"
"338","বরিশাল","পিরোজপুর","মঠবাড়ীয়া","বেতমোড় রাজপাড়া ইউনিয়ন আদর্শ মাধ্যমিক বিদ্যালয়"
"337","বরিশাল","পিরোজপুর","মঠবাড়ীয়া","তুষখালী কলেজ"
"336","বরিশাল","পটুয়াখালী","কলাপাড়া","খেপুপাড়া নেছারউদ্দিন সিনিয়র মাদ্রাসা"
"335","বরিশাল","পটুয়াখালী","কলাপাড়া","ধানখালী কলেজ"
"334","বরিশাল","পটুয়াখালী","কলাপাড়া","শিশু পল্লী মাধ্যমিক বিদ্যালয়"
"333","বরিশাল","পটুয়াখালী","কলাপাড়া","তুলাতলী মাধ্যমিক বিদ্যালয়"
"332","বরিশাল","পটুয়াখালী","কলাপাড়া","তেগাছিয়া মাধ্যমিক বিদ্যালয়"
"331","বরিশাল","পটুয়াখালী","কলাপাড়া","পাখিমারা প্রফুল্ল ভৌমিক মাধ্যমিক বিদ্যালয়"
"330","বরিশাল","পটুয়াখালী","কলাপাড়া","ডালবুগঞ্জ মাধ্যমিক বিদ্যালয়"
"329","বরিশাল","পটুয়াখালী","কলাপাড়া","লালুয়া জনতা মাধ্যমিক বিদ্যালয়"
"328","বরিশাল","পটুয়াখালী","কলাপাড়া","নুর মোহাম্মদ মাধ্যমিক বিদ্যালয়"
"327","বরিশাল","পটুয়াখালী","কলাপাড়া","ফাতেমা হাই মাধ্যমিক বিদ্যালয়"
"326","বরিশাল","পটুয়াখালী","কলাপাড়া","রজপাড়া দ্বীন-ই এলাহী মাদ্রাসা"
"325","বরিশাল","পটুয়াখালী","কলাপাড়া","আশ্রাফ একাডেমী মাধ্যমিক বিদ্যালয়"
"324","বরিশাল","পটুয়াখালী","কলাপাড়া","ধানখালী এম.ইউ. মাধ্যমিক বিদ্যালয়"
"323","বরিশাল","পটুয়াখালী","কলাপাড়া","ধুলাসার জালালীয়া দাখিল মাদ্রাসা"
"322","বরিশাল","পটুয়াখালী","কলাপাড়া","ইঞ্জিঃ তৌহিদুর রহমান টেকনিক্যাল ইনস্টিটিউট"
"321","বরিশাল","পটুয়াখালী","কলাপাড়া","ধুলাসার বহুমুখী মাধ্যমিক বিদ্যালয়"
"320","খুলনা","ঝিনাইদহ","কালিগঞ্জ","একতারপুর মাধ্যমিক বিদ্যালয়"
"319","খুলনা","ঝিনাইদহ","ঝিনাইদহ সদর","টিকারী মাধ্যমিক বিদ্যালয়"
"318","খুলনা","ঝিনাইদহ","কালিগঞ্জ","বঙ্গবন্ধু শেখ মুজিব বিদ্যানিকেতন"
"317","খুলনা","ঝিনাইদহ","কালিগঞ্জ","দামোদরপুর কেরামতিয়া দাখিল মাদ্রাসা"
"316","খুলনা","ঝিনাইদহ","কালিগঞ্জ","বালিয়াডাঙ্গা দাখিল মাদ্রাসা"
"315","খুলনা","ঝিনাইদহ","ঝিনাইদহ সদর","কে বি মাধ্যমিক বিদ্যালয়"
"314","খুলনা","ঝিনাইদহ","কালিগঞ্জ","আবুবকর বিঃ মকছেদ আলী মহিলা মাদ্রাসা"
"313","খুলনা","ঝিনাইদহ","কালিগঞ্জ","বার বাজার ডিগ্রী কলেজ"
"312","খুলনা","ঝিনাইদহ","ঝিনাইদহ সদর","নলডাঙ্গা ইব্রাহীম মাধ্যমিক বিদ্যালয়"
"311","খুলনা","ঝিনাইদহ","ঝিনাইদহ সদর","আমেনা খাতুন কলেজ, নারকেলবাড়ীয়া"
"310","খুলনা","ঝিনাইদহ","ঝিনাইদহ সদর","নারিকেল বাড়ীয়া এ,জেড মাধ্যমিক বিদ্যালয়"
"309","খুলনা","ঝিনাইদহ","কালিগঞ্জ","শাহপুর ঘিঘাট মাধ্যমিক বিদ্যালয়"
"308","খুলনা","ঝিনাইদহ","কালিগঞ্জ","বেজপাড়া মাধ্যমিক বিদ্যালয়"
"307","খুলনা","ঝিনাইদহ","কালিগঞ্জ","পাঁচকাহুনিয়া মাধ্যমিক বিদ্যালয়"
"306","খুলনা","ঝিনাইদহ","কালিগঞ্জ","মোবারকগঞ্জ চিনিকল মাধ্যমিক বিদ্যালয়"
"305","খুলনা","ঝিনাইদহ","কালিগঞ্জ","চাপরাইল মাধ্যমিক বিদ্যালয়"
"304","খুলনা","ঝিনাইদহ","কালিগঞ্জ","রায়গ্রাম বাণীকান্ত মাধ্যমিক বিদ্যালয়"
"303","খুলনা","ঝিনাইদহ","কালিগঞ্জ","মোবারক আলী মাধ্যমিক বিদ্যালয়"
"302","খুলনা","ঝিনাইদহ","কালিগঞ্জ","সরকারী নলডাঙ্গা ভূষণ পাইলট মাধ্যমিক বিদ্যালয়"
"301","ময়মনসিংহ","ময়মনসিংহ","ফুলবাড়ীয়া","চান্দের বাজার বালিকা দাখিল মাদ্রাসা"
"300","ময়মনসিংহ","ময়মনসিংহ","ফুলবাড়ীয়া","মনাকুশা ইসলামিয়া দাখিল মাদ্রাসা"
"299","ময়মনসিংহ","ময়মনসিংহ","ফুলবাড়ীয়া","হরে কৃষ্ণ ইউনিয়ন উচ্চ বিদ্যালয়"
"298","ময়মনসিংহ","ময়মনসিংহ","ফুলবাড়ীয়া","শুশুতী উচ্চ বিদ্যালয়"
"297","ময়মনসিংহ","ময়মনসিংহ","ফুলবাড়ীয়া","শিবগঞ্জ উচ্চ বিদ্যালয়"
"296","ময়মনসিংহ","ময়মনসিংহ","ফুলবাড়ীয়া","বৈদ্যবাড়ী উচ্চ বিদ্যালয়"
"295","ময়মনসিংহ","ময়মনসিংহ","ফুলবাড়ীয়া","রাধা কালাই উচ্চ বিদ্যালয়"
"294","ময়মনসিংহ","ময়মনসিংহ","ফুলবাড়ীয়া","ফুলবাড়ীয়া পাইলট বালিকা উচ্চ বিদ্যালয়"
"293","ময়মনসিংহ","ময়মনসিংহ","ফুলবাড়ীয়া","ধুরধুরিয়া আলিম মাদ্রাসা"
"292","ময়মনসিংহ","ময়মনসিংহ","ফুলবাড়ীয়া","ফুলবাড়ীয়া খাদেমুল ইসলাম ফাজিল মাদ্রাসা"
"291","ময়মনসিংহ","ময়মনসিংহ","ফুলবাড়ীয়া","ইসলামিয়া কলেজ"
"290","ময়মনসিংহ","ময়মনসিংহ","ফুলবাড়ীয়া","শাহাবুদ্দিন ডিগ্রী কলেজ"
"289","ময়মনসিংহ","ময়মনসিংহ","ফুলবাড়ীয়া","কেশরগঞ্জ ডিগ্রী কলেজ"
"288","ময়মনসিংহ","ময়মনসিংহ","ফুলবাড়ীয়া","কুশমাইল ইউনিয়ন বদর উদ্দিন উচ্চ বিদ্যালয়"
"287","ময়মনসিংহ","ময়মনসিংহ","গৌরীপুর","লংকাখোলা উচ্চ বিদ্যালয়"
"286","ময়মনসিংহ","ময়মনসিংহ","গৌরীপুর","রামগোপালপুর পি.জে.কে উচ্চ বিদ্যালয়"
"285","ময়মনসিংহ","ময়মনসিংহ","গৌরীপুর","বেতান্দর উচ্চ বিদ্যালয়"
"284","ময়মনসিংহ","ময়মনসিংহ","গৌরীপুর","কাওরাট আকবর আলী দাখিল মাদ্রাসা"
"283","ময়মনসিংহ","ময়মনসিংহ","গৌরীপুর","বড়ভাগ উচ্চ বিদ্যালয়"
"282","ময়মনসিংহ","ময়মনসিংহ","গৌরীপুর","ভালুকারপুর উচ্চ বিদ্যালয়"
"281","ময়মনসিংহ","ময়মনসিংহ","গৌরীপুর","পুম্বাইল এফ. ইউ. ফাজিল মাদ্রাসা উচ্চ বিদ্যালয়"
"280","ময়মনসিংহ","ময়মনসিংহ","গৌরীপুর","ভুটিয়ারকোণা আদর্শ উচ্চ বিদ্যালয়"
"279","ময়মনসিংহ","ময়মনসিংহ","গৌরীপুর","শহরবানু উচ্চ বিদ্যালয়"
"278","ময়মনসিংহ","ময়মনসিংহ","গৌরীপুর","মাওহা উচ্চ বিদ্যালয়"
"277","ময়মনসিংহ","ময়মনসিংহ","গৌরীপুর","তালে হোসেন খান উচ্চ বিদ্যালয়"
"276","ময়মনসিংহ","ময়মনসিংহ","গৌরীপুর","বেলতলী দাখিল মাদ্রাসা"
"275","ময়মনসিংহ","ময়মনসিংহ","গৌরীপুর","বালিজুড়ি উচ্চ বিদ্যালয়"
"274","ময়মনসিংহ","ময়মনসিংহ","গৌরীপুর","কবলেন্নেছা বালিকা উচ্চ বিদ্যালয়"
"273","ময়মনসিংহ","ময়মনসিংহ","গৌরীপুর","ড. এম আর করিম উচ্চ বিদ্যালয়"
"272","খুলনা","যশোর","চৌগাছা","সুখপুকুরিয়া মাধ্যমিক বিদ্যালয়"
"271","খুলনা","যশোর","চৌগাছা","পাতিবিলা হাজী শাঃ আলী মাধ্যমিক বিদ্যালয়"
"270","খুলনা","যশোর","চৌগাছা","আন্দুলিয়া মাধ্যমিক বিদ্যালয়"
"269","খুলনা","যশোর","চৌগাছা","চৌগাছা ছারা পাইলট মাধ্যমিক বিদ্যালয়"
"268","খুলনা","যশোর","চৌগাছা","সিংহঝুলী মশিউর রহমান মাধ্যমিক বিদ্যালয়"
"267","খুলনা","যশোর","চৌগাছা","আন্দারকোটা মাধ্যমিক বিদ্যালয়"
"266","খুলনা","যশোর","চৌগাছা","আর সি এম টি ইউ মাধ্যমিক বিদ্যালয়"
"265","খুলনা","যশোর","ঝিকরগাছা","আঙ্গারপাড়া বহিরামপুর মাধ্যমিক বিদ্যালয়"
"264","খুলনা","যশোর","ঝিকরগাছা","সরতজান মাধ্যমিক বিদ্যালয়"
"263","খুলনা","যশোর","ঝিকরগাছা","ছুটিপুর মাধ্যমিক বালিকা বিদ্যালয়"
"262","খুলনা","যশোর","ঝিকরগাছা","গঙ্গানন্দপুর মাধ্যমিক বিদ্যালয়"
"261","খুলনা","যশোর","ঝিকরগাছা","কায়েমকোলা মাধ্যমিক বিদ্যালয়"
"260","খুলনা","যশোর","ঝিকরগাছা","সম্মিলনী মাধ্যমিক বালিকা বিদ্যালয়"
"259","খুলনা","যশোর","ঝিকরগাছা","লাউজানি এন এম মাধ্যমিক বিদ্যালয়"
"258","খুলনা","যশোর","ঝিকরগাছা","ঝিকরগাছা পাইলট মাধ্যমিক বালিকা বিদ্যালয়"
"257","খুলনা","সাতক্ষীরা","তালা","শতদল মাধ্যমিক বিদ্যালয়"
"256","খুলনা","সাতক্ষীরা","তালা","ফুলবাড়ী মাধ্যমিক বিদ্যালয়"
"255","খুলনা","সাতক্ষীরা","তালা","মৃজাপুর মাধ্যমিক বিদ্যালয়"
"254","খুলনা","সাতক্ষীরা","তালা","দাদপুর এম,কে মাধ্যমিক বিদ্যালয়"
"253","খুলনা","সাতক্ষীরা","তালা","খলিলনগর ইউনিয়ন মাধ্যমিক বিদ্যালয়"
"252","খুলনা","সাতক্ষীরা","তালা","সুভাষিনী মাধ্যমিক বিদ্যালয়"
"251","খুলনা","সাতক্ষীরা","তালা","আইডিয়াল মহিলা কলেজ"
"250","খুলনা","সাতক্ষীরা","কলারোয়া","কলারোয়া মডেল মাধ্যমিক বিদ্যালয়"
"249","খুলনা","সাতক্ষীরা","কলারোয়া","কয়লা মাধ্যমিক বিদ্যালয়"
"248","খুলনা","সাতক্ষীরা","কলারোয়া","কুশোডাঙ্গা আদর্শ মাধ্যমিক বিদ্যালয়"
"247","খুলনা","সাতক্ষীরা","কলারোয়া","ধানদিয়া ইউনিয়ন ইনস্টিটিউশন"
"246","খুলনা","সাতক্ষীরা","কলারোয়া","কামারালি মাধ্যমিক বিদ্যালয়"
"245","খুলনা","সাতক্ষীরা","কলারোয়া","হঠাৎগঞ্জ মাধ্যমিক বিদ্যালয়"
"244","খুলনা","সাতক্ষীরা","কলারোয়া","দমদম মাধ্যমিক বিদ্যালয়"
"243","খুলনা","সাতক্ষীরা","কলারোয়া","ভাদিয়ালি মাধ্যমিক বিদ্যালয়"
"242","খুলনা","খুলনা","তেরখাদা","পঞ্চপল্লী আদর্শ মাধ্যমিক বিদ্যালয়"
"241","খুলনা","খুলনা","তেরখাদা","আদর্শ শিক্ষা নিকেতন (বহুমুখী) মাধ্যমিক বিদ্যালয়"
"240","খুলনা","খুলনা","দিঘলিয়া","আড়ুয়া উদয়ন মাধ্যমিক বিদ্যাপীঠ"
"239","খুলনা","খুলনা","দিঘলিয়া","এস এম মোস্তফা রশিদী সুজা গার্লস কলেজ"
"238","খুলনা","খুলনা","রুপসা","নাচুনিয়া জুনারী দাখিল মাদ্রাসা"
"237","খুলনা","খুলনা","তেরখাদা","আটলিয়া সিদ্দিকিয়া আলিম মাদ্রাসা"
"236","খুলনা","খুলনা","তেরখাদা","ইন্দুহাটি নেপাল চন্দ্র (এনসি) মাধ্যমিক বিদ্যালয়"
"235","খুলনা","খুলনা","তেরখাদা","ছাগলাদাহ ইউনিয়ন আদিল উদ্দিন স্মরনিক মাধ্যমিক বিদ্যালয়"
"234","খুলনা","খুলনা","রূপসা","জেবিএম উচ্চ বিদ্যালয়"
"233","খুলনা","খুলনা","রূপসা","গাজী মেমোরিয়াল মাধ্যমিক বিদ্যালয়"
"232","খুলনা","খুলনা","রূপসা","নবীনগর ইসলামিয়া মাধ্যমিক বিদ্যালয়"
"231","খুলনা","খুলনা","রূপসা","কিশোর কল্যাণ মাধ্যমিক বিদ্যালয়"
"230","খুলনা","খুলনা","রূপসা","পাথরঘাটা এএইচএস মাধ্যমিক বিদ্যালয়"
"229","খুলনা","খুলনা","রূপসা","বেলফুলিয়া ইসলামিয়া উচ্চ বিদ্যালয়"
"228","খুলনা","খুলনা","রূপসা","রুপসা মহিলা কলেজ"
"227","খুলনা","খুলনা","রূপসা","নৈহাটি মাধ্যমিক বালিকা বিদ্যালয়"
"226","খুলনা","কুষ্টিয়া","দৌলতপুর","নাসির উদ্দিন বিশ্বাস কলেজ, বড়গাংদিয়া"
"225","খুলনা","কুষ্টিয়া","দৌলতপুর","কল্যাণপুর মাধ্যমিক বিদ্যালয়"
"224","খুলনা","কুষ্টিয়া","দৌলতপুর","দড়িপাড়া মডেল মাধ্যমিক বিদ্যালয়"
"223","খুলনা","কুষ্টিয়া","দৌলতপুর","আমদহ মাধ্যমিক বিদ্যালয়"
"222","খুলনা","কুষ্টিয়া","দৌলতপুর","বি.সি.কে মাধ্যমিক বিদ্যালয়"
"221","খুলনা","কুষ্টিয়া","দৌলতপুর","ফিলিপনগর দাখিল মাদ্রাসা"
"220","খুলনা","কুষ্টিয়া","দৌলতপুর","মহিষকুন্ডি মাধ্যমিক বিদ্যালয়"
"219","খুলনা","কুষ্টিয়া","দৌলতপুর","গোয়ালগ্রাম মাধ্যমিক বিদ্যালয়"
"218","খুলনা","কুষ্টিয়া","দৌলতপুর","খাস মথুরাপুর মাধ্যমিক বিদ্যালয়"
"217","খুলনা","কুষ্টিয়া","দৌলতপুর","খালশাকুন্ডি মাধ্যমিক বিদ্যালয়"
"216","খুলনা","কুষ্টিয়া","দৌলতপুর","দৌলতখালী মাধ্যমিক বিদ্যালয়"
"215","খুলনা","কুষ্টিয়া","দৌলতপুর","বড়গায়দিয়া বালিকা মাধ্যমিক বিদ্যালয়"
"214","খুলনা","কুষ্টিয়া","দৌলতপুর","হোসেনাবাদ মাধ্যমিক বিদ্যালয়"
"213","খুলনা","কুষ্টিয়া","দৌলতপুর","আদাবাড়িয়া মাধ্যমিক বিদ্যালয়"
"212","খুলনা","কুষ্টিয়া","দৌলতপুর","বাহিরমাদী মাধ্যমিক বিদ্যালয়"
"211","খুলনা","কুষ্টিয়া","দৌলতপুর","ফিলিপনগর মাধ্যমিক বিদ্যালয়"
"210","খুলনা","মাগুরা","শ্রীপুর","চর মহেশপুর মাধ্যমিক বিদ্যালয়"
"209","খুলনা","মাগুরা","শ্রীপুর","শ্রীপুর মাধ্যমিক বালিকা বিদ্যালয়"
"208","খুলনা","মাগুরা","শ্রীপুর","দ্বারিয়াপুর সম্মিলনী স্কুল"
"207","খুলনা","মাগুরা","শ্রীপুর","কাজলী কলেজিয়েট স্কুল"
"206","খুলনা","মাগুরা","শ্রীপুর","রাধানগর মাধ্যমিক বিদ্যালয়"
"205","খুলনা","মাগুরা","শ্রীপুর","মধুপুর রাধাচরন মাধ্যমিক বিদ্যালয়"
"204","খুলনা","মাগুরা","মাগুরা সদর","রাঘবদাইড় মাধ্যমিক বিদ্যালয়"
"203","খুলনা","মাগুরা","মাগুরা সদর","লক্ষীপুর মাধ্যমিক বিদ্যালয়"
"202","খুলনা","মাগুরা","মাগুরা সদর","রামনগর মাধ্যমিক বিদ্যালয়"
"201","খুলনা","মাগুরা","মাগুরা সদর","মির্জাপুর মাধ্যমিক বিদ্যালয়"
"200","খুলনা","মাগুরা","মাগুরা সদর","ইছাখাদা শহিদ আঃ মতলেব মাধ্যমিক বিদ্যালয়"
"199","খুলনা","মাগুরা","মাগুরা সদর","জগদল সম্মিলনী ডিগ্রী কলেজ"
"198","খুলনা","মাগুরা","মাগুরা সদর","মনোয়ার জামান মাধ্যমিক বিদ্যালয়"
"197","খুলনা","মাগুরা","মাগুরা সদর","পুলিশ লাইন মাধ্যমিক বিদ্যালয়"
"196","খুলনা","মাগুরা","মাগুরা সদর","ধলহারা চাঁদপুর মাধ্যমিক বিদ্যালয়"
"195","খুলনা","মাগুরা","মাগুরা সদর","মাগুরা সরকারি উচ্চ বিদ্যালয়"
"194","খুলনা","বাগেরহাট","রামপাল","ভেকটমারী মাধ্যমিক বিদ্যালয়"
"193","খুলনা","বাগেরহাট","রামপাল","আলহাজ্ব সুফিয়া বেগম দাখিল মাদ্রাসা"
"192","খুলনা","বাগেরহাট","রামপাল","শরাফপুর কারামাতিয়া ফাজিল মাদ্রাসা"
"191","খুলনা","বাগেরহাট","রামপাল","সন্যাসী মাধ্যমিক বিদ্যালয়"
"190","খুলনা","বাগেরহাট","রামপাল","চাকশ্রী এ.বি.সি মাধ্যমিক বিদ্যালয়"
"189","খুলনা","বাগেরহাট","রামপাল","ফয়লাহাট কামাল উদ্দিন মাধ্যমিক বিদ্যালয়"
"188","খুলনা","বাগেরহাট","রামপাল","শ্রীফলতলা মাধ্যমিক বিদ্যালয়"
"187","খুলনা","বাগেরহাট","রামপাল","গিলাতলা মাধ্যমিক বিদ্যালয়"
"186","খুলনা","বাগেরহাট","মোংলা","মোংলা মাধ্যমিক বালিকা বিদ্যালয়"
"185","খুলনা","বাগেরহাট","মোংলা","টাটিবুনিয়া উচ্চ বিদ্যালয়"
"184","খুলনা","বাগেরহাট","মোংলা","চাঁদপাই মেছেরশাহ উচ্চ বিদ্যালয়"
"183","খুলনা","বাগেরহাট","মোংলা","হলদিবুনিয়া উচ্চ বিদ্যালয়"
"182","খুলনা","বাগেরহাট","মোংলা","দিগরাজ উচ্চ বিদ্যালয়"
"181","খুলনা","বাগেরহাট","মোংলা","সোনাইলতলা এ.বি এস দাখিল মাদ্রাসা"
"180","খুলনা","বাগেরহাট","মোংলা","ইসলামি আদর্শ একাডেমী উচ্চ বিদ্যালয়"
"179","খুলনা","খুলনা","কয়রা","গ্রাজুয়েটস মাধ্যমিক বিদ্যালয়"
"178","খুলনা","খুলনা","কয়রা","খিরোল মহিলা দাখিল মাদ্রাসা"
"177","খুলনা","খুলনা","পাইকগাছা","চাঁদখালী কলেজ"
"176","খুলনা","খুলনা","কয়রা","কালনা আমিনীয়া ফাজিল মাদ্রাসা"
"175","খুলনা","খুলনা","কয়রা","কয়রা সিদ্দীকিয়া বহুমখী ফাজিল মাদ্রাসা"
"174","খুলনা","খুলনা","কয়রা","কপোতাক্ষ মাধ্যমিক বিদ্যালয়"
"173","খুলনা","খুলনা","পাইকগাছা","শহীদ আয়ুব ও মুসা মেমোরিয়াল ডিগ্রী কলেজ"
"172","খুলনা","খুলনা","পাইকগাছা","বগুলারচক একেপিকে এমএম মাধ্যমিক বিদ্যালয়"
"171","খুলনা","খুলনা","পাইকগাছা","হরিঢালী-কপিলমুনী ডিগ্রী মহিলা কলেজ"
"170","খুলনা","খুলনা","পাইকগাছা","দেলুটি মাধ্যমিক বিদ্যালয়"
"169","খুলনা","খুলনা","কয়রা","বামিয়া এম এম মাধ্যমিক বিদ্যালয়"
"168","খুলনা","খুলনা","পাইকগাছা","আগড়াঘাটা মাধ্যমিক বিদ্যালয়"
"167","খুলনা","খুলনা","কয়রা","মঠবাড়ি সেরাজিয়া বহুমুখী উচ্চ বিদ্যালয়"
"166","খুলনা","খুলনা","কয়রা","কপোতাক্ষ মহাবিদ্যালয়"
"165","খুলনা","খুলনা","কয়রা","ডি এফ নাকশা আলিম মাদ্রাসা"
"164","খুলনা","খুলনা","কয়রা","কপিলমুনী ডিগ্রী কলেজ"
"163","চট্টগ্রাম","কুমিল্লা","তিতাস","গাজীপুর আজিজিয়া আলিম মাদ্রাসা"
"162","চট্টগ্রাম","কুমিল্লা","তিতাস","মঙ্গলকান্দি ইসলামিয়া ফাজিল মাদ্রাসা"
"161","চট্টগ্রাম","কুমিল্লা","তিতাস","জুনাব আলী উচ্চ বিদ্যালয়"
"160","চট্টগ্রাম","কুমিল্লা","তিতাস","মজিদপুর উচ্চ বিদ্যালয়"
"159","চট্টগ্রাম","কুমিল্লা","তিতাস","লালপুর নজরুল ইসলাম উচ্চ বিদ্যালয়"
"158","চট্টগ্রাম","কুমিল্লা","তিতাস","নারান্দিয়া কলিমিয়া উচ্চ বিদ্যালয়"
"157","চট্টগ্রাম","কুমিল্লা","তিতাস","বাতাকান্দি স.সা.আ.আ.হো.মেমো উচ্চ বিদ্যালয়"
"156","চট্টগ্রাম","কুমিল্লা","হোমনা","খাদিজা মেমোরিয়াল বালিকা উচ্চ বিদ্যালয়"
"155","চট্টগ্রাম","কুমিল্লা","হোমনা","নিলখী উচ্চ বিদ্যালয়"
"154","চট্টগ্রাম","কুমিল্লা","হোমনা","হোমনা আদর্শ উচ্চ বিদ্যালয়"
"153","চট্টগ্রাম","কুমিল্লা","হোমনা","হোমনা কফিল উদ্দিন পাইলট বালিকা উচ্চ বিদ্যালয়"
"152","চট্টগ্রাম","কুমিল্লা","হোমনা","দৌলতপুর উচ্চ বিদ্যালয়"
"151","চট্টগ্রাম","কুমিল্লা","হোমনা","কামাল স্মৃতি বালিকা উচ্চ বিদ্যালয়"
"150","চট্টগ্রাম","কুমিল্লা","হোমনা","রামকৃষ্ণপুর ডিগ্রি কলেজ"
"149","চট্টগ্রাম","কুমিল্লা","হোমনা","হোমনা ডিগ্রি কলেজ"
"148","চট্টগ্রাম","চট্টগ্রাম","সন্দ্বীপ","সারিকাইত মমতাজুল উলুম ইসলামিয়া দাখিল মাদ্রাসা"
"147","চট্টগ্রাম","চট্টগ্রাম","সন্দ্বীপ","আজিমপুর উচ্চ বিদ্যালয়"
"146","চট্টগ্রাম","চট্টগ্রাম","সন্দ্বীপ","মধ্য সন্তোষপুর মাধ্যমিক বিদ্যালয়"
"145","চট্টগ্রাম","চট্টগ্রাম","সন্দ্বীপ","সন্তোষপুর বহুমুখী উচ্চ বিদ্যালয়"
"144","চট্টগ্রাম","চট্টগ্রাম","সন্দ্বীপ","বাউরিয়া গোলাম খালেক একাডেমী"
"143","চট্টগ্রাম","চট্টগ্রাম","সন্দ্বীপ","রহমতপুর উচ্চ বিদ্যালয়"
"142","চট্টগ্রাম","চট্টগ্রাম","সন্দ্বীপ","মুছাপুর হাজী এ বি উচ্চ বিদ্যালয়"
"141","চট্টগ্রাম","চট্টগ্রাম","সন্দ্বীপ","কাজী আফাজ উদ্দিন আদর্শ উচ্চ বিদ্যালয়"
"140","চট্টগ্রাম","চট্টগ্রাম","সন্দ্বীপ","কাটগড় গোলাম নবী উচ্চ বিদ্যালয়"
"139","চট্টগ্রাম","চট্টগ্রাম","সন্দ্বীপ","কালাপনিয়া উচ্চ বিদ্যালয়"
"138","চট্টগ্রাম","চট্টগ্রাম","সন্দ্বীপ","সন্দ্বীপ আইডিয়েল উচ্চ বিদ্যালয়"
"137","চট্টগ্রাম","চট্টগ্রাম","সন্দ্বীপ","আয়েশা ওবায়েদ বালিকা উচ্চ বিদ্যালয়"
"136","চট্টগ্রাম","চট্টগ্রাম","সন্দ্বীপ","এ কে একাডেমী গাছুয়া"
"135","চট্টগ্রাম","চট্টগ্রাম","সন্দ্বীপ","মগধরা স্কুল এন্ড কলেজ"
"134","চট্টগ্রাম","চট্টগ্রাম","সন্দ্বীপ","দক্ষিণপূর্ব সন্দ্বীপ উচ্চ বিদ্যালয়"
"133","চট্টগ্রাম","চট্টগ্রাম","সন্দ্বীপ","দ্বীপববন্ধু মুস্তাফিজুর রহমান উচ্চ বিদ্যালয়"
"132","চট্টগ্রাম","নোয়াখালী","হাতিয়া","জোড়খালী উচ্চ বিদ্যালয়"
"131","চট্টগ্রাম","নোয়াখালী","হাতিয়া","ওছখালী এসটি বালিকা উচ্চ বিদ্যালয়"
"130","চট্টগ্রাম","নোয়াখালী","হাতিয়া","হাতিয়া ইউনিয়ন মডেল পাইলট উচ্চ বিদ্যালয়"
"129","চট্টগ্রাম","নোয়াখালী","হাতিয়া","হাতিয়া জনকল্যাণ শিক্ষা ট্রাস্ট উচ্চ বিদ্যালয়"
"128","চট্টগ্রাম","নোয়াখালী","হাতিয়া","এম সি এস উচ্চ বিদ্যালয়"
"127","চট্টগ্রাম","নোয়াখালী","হাতিয়া","বুড়িরচর সৈয়দিয়া উচ্চ বিদ্যালয়"
"126","চট্টগ্রাম","নোয়াখালী","হাতিয়া","চরকিং বালিকা উচ্চ বিদ্যালয়"
"125","চট্টগ্রাম","নোয়াখালী","হাতিয়া","বোয়ালিয়া উচ্চ বিদ্যালয়"
"124","চট্টগ্রাম","নোয়াখালী","হাতিয়া","এ এম উচ্চ বিদ্যালয়"
"123","চট্টগ্রাম","নোয়াখালী","হাতিয়া","বুড়িরচর শহীদ আলী আহমেদ মেমোরিয়াল উচ্চ বিদ্যালয়"
"122","চট্টগ্রাম","নোয়াখালী","হাতিয়া","চরঈশ্বর রায় আফাজিয়া উচ্চ বিদ্যালয়"
"121","চট্টগ্রাম","নোয়াখালী","হাতিয়া","চৌমুহনী উচ্চ বিদ্যালয়"
"120","চট্টগ্রাম","নোয়াখালী","হাতিয়া","তমরুদ্দি উচ্চ বিদ্যালয়"
"119","চট্টগ্রাম","নোয়াখালী","হাতিয়া","আয়েশা আলী মাধ্যমিক বিদ্যালয়"
"118","চট্টগ্রাম","নোয়াখালী","হাতিয়া","সুখচর ইউনিয়ন বঙ্গবন্ধু উচ্চ বিদ্যালয়"
"117","চট্টগ্রাম","চাঁদপুর","মতলব দক্ষিণ","মতলব জেবি পাইলট উচ্চ বিদ্যালয়"
"116","চট্টগ্রাম","চাঁদপুর","মতলব দক্ষিণ","হযরত শাহজালাল উচ্চ বিদ্যালয়"
"115","চট্টগ্রাম","চাঁদপুর","মতলব দক্ষিণ","আশ্বিনপুর উচ্চ বিদ্যালয় এন্ড কলেজ"
"114","চট্টগ্রাম","চাঁদপুর","মতলব দক্ষিণ","নারায়নপুর পপুলার উচ্চ বিদ্যালয়"
"113","চট্টগ্রাম","চাঁদপুর","মতলব দক্ষিণ","কালিকা উচ্চ বিদ্যালয়"
"112","চট্টগ্রাম","চাঁদপুর","মতলব দক্ষিণ","ঘিলাতলী ফাজিল মাদ্রাসা"
"111","চট্টগ্রাম","চাঁদপুর","মতলব দক্ষিণ","নারায়নপুর ডিগ্রী কলেজ"
"110","চট্টগ্রাম","চাঁদপুর","মতলব উত্তর","সাড়ে পাঁচ আনি হোসাইনিয়া ফাজিল মাদ্রাসা"
"109","চট্টগ্রাম","চাঁদপুর","মতলব উত্তর","মমরুজকান্দি উচ্চ বিদ্যালয়"
"108","চট্টগ্রাম","চাঁদপুর","মতলব উত্তর","বদরপুর আদমিয়া ফাজিল মাদ্রাসা"
"107","চট্টগ্রাম","চাঁদপুর","মতলব উত্তর","একলাসপুর উচ্চ বিদ্যালয়"
"106","চট্টগ্রাম","চাঁদপুর","মতলব উত্তর","পাঁচ আনি উচ্চ বিদ্যালয়"
"105","চট্টগ্রাম","চাঁদপুর","মতলব উত্তর","নাওভাঙ্গা জয়পুর উচ্চ বিদ্যালয়"
"104","চট্টগ্রাম","চাঁদপুর","মতলব উত্তর","ওটারচর উচ্চ বিদ্যালয়"
"103","চট্টগ্রাম","চাঁদপুর","মতলব উত্তর","নাউরী আদর্শ ডিগ্রী কলেজ"
"102","চট্টগ্রাম","চাঁদপুর","মতলব উত্তর","নাউরী আহাম্মদীয়া উচ্চ বিদ্যালয়"
"101","ময়মনসিংহ","শেরপুর","ঝিনাইগাতী","চেঙ্গুরিয়া আনসার আলী উচ্চ বিদ্যালয়"
"100","ময়মনসিংহ","শেরপুর","ঝিনাইগাতী","ধানশাইল উচ্চ বিদ্যালয়"
"99","ময়মনসিংহ","শেরপুর","ঝিনাইগাতী","রাংটিয়া উচ্চ বিদ্যালয়"
"98","ময়মনসিংহ","শেরপুর","ঝিনাইগাতী","মালিজিকান্দা উচ্চ বিদ্যালয়"
"97","ময়মনসিংহ","শেরপুর","ঝিনাইগাতী","বাকাকুড়া উচ্চ বিদ্যালয়"
"96","ময়মনসিংহ","শেরপুর","ঝিনাইগাতী","খাগড়া দক্ষিণ পাড়া এফ রহমান উচ্চ বিদ্যালয়"
"95","ময়মনসিংহ","শেরপুর","শ্রীবরদী","ভেলুয়া উচ্চ বিদ্যালয়"
"94","ময়মনসিংহ","শেরপুর","শ্রীবরদী","গোপালখিলা উচ্চ বিদ্যালয়"
"93","ময়মনসিংহ","শেরপুর","শ্রীবরদী","শ্রীবরদী এ.পি.পি.আই উচ্চ বিদ্যালয়"
"92","ময়মনসিংহ","শেরপুর","শ্রীবরদী","কাকিলাকুড়া উচ্চ বিদ্যালয়"
"91","ময়মনসিংহ","শেরপুর","শ্রীবরদী","মাটিফাটা জি এম উচ্চ বিদ্যালয়"
"90","ময়মনসিংহ","শেরপুর","শ্রীবরদী","গবরীকুড়া এ. কে উচ্চ বিদ্যালয়"
"89","ময়মনসিংহ","শেরপুর","শ্রীবরদী","বানিবাইদ এ এ এম পি উচ্চ বিদ্যালয়"
"88","ময়মনসিংহ","শেরপুর","শ্রীবরদী","ভারেরা এস পি উচ্চ বিদ্যালয়"
"87","ময়মনসিংহ","শেরপুর","শ্রীবরদী","সাদেক আলী টেকনিক্যাল স্কুল এন্ড বিএম কলেজ"
"86","চট্টগ্রাম","ব্রাহ্মণবাড়িয়া","বিজয়নগর","বিষ্ণুপুর উচ্চ বিদ্যালয়"
"85","চট্টগ্রাম","ব্রাহ্মণবাড়িয়া","বিজয়নগর","আউলিয়া নগর আলিম মাদ্রাসা"
"84","চট্টগ্রাম","ব্রাহ্মণবাড়িয়া","বিজয়নগর","সাতবর্গ উচ্চ বিদ্যালয়"
"83","চট্টগ্রাম","ব্রাহ্মণবাড়িয়া","বিজয়নগর","উবায়দুল মোকতাদির চৌধুরী বিদ্যানিকেতন"
"82","চট্টগ্রাম","ব্রাহ্মণবাড়িয়া","বিজয়নগর","মুক্তিযোদ্ধা উবায়দুল মোকতাদির চৌধুরী উচ্চ বিদ্যালয়"
"81","চট্টগ্রাম","ব্রাহ্মণবাড়িয়া","ব্রাহ্মণবাড়িয়া সদর","গোকর্ণ উচ্চ বিদ্যালয়"
"80","চট্টগ্রাম","ব্রাহ্মণবাড়িয়া","ব্রাহ্মণবাড়িয়া সদর","ভাদুঘর ডিএস কামিল মাদ্রাসা"
"79","চট্টগ্রাম","ব্রাহ্মণবাড়িয়া","ব্রাহ্মণবাড়িয়া সদর","হাবলা আদর্শ উচ্চ বিদ্যালয়"
"78","চট্টগ্রাম","ব্রাহ্মণবাড়িয়া","ব্রাহ্মণবাড়িয়া সদর","পুলিশ লাইন উচ্চ বিদ্যালয়"
"77","চট্টগ্রাম","ব্রাহ্মণবাড়িয়া","ব্রাহ্মণবাড়িয়া সদর","মৈন্দ উচ্চ বিদ্যালয়"
"76","চট্টগ্রাম","ব্রাহ্মণবাড়িয়া","ব্রাহ্মণবাড়িয়া সদর","সাদেকপুর ইউনিয়ন স্কুল এন্ড কলেজ"
"75","চট্টগ্রাম","ব্রাহ্মণবাড়িয়া","ব্রাহ্মণবাড়িয়া সদর","রামরাইল ডি এস দত্ত উচ্চ বিদ্যালয়"
"74","চট্টগ্রাম","ব্রাহ্মণবাড়িয়া","ব্রাহ্মণবাড়িয়া সদর","চাপুইর আজিজুল হক উচ্চ বিদ্যালয়"
"73","চট্টগ্রাম","ব্রাহ্মণবাড়িয়া","ব্রাহ্মণবাড়িয়া সদর","চিনাইর আঞ্জমান আরা উচ্চ বিদ্যালয়"
"72","চট্টগ্রাম","ব্রাহ্মণবাড়িয়া","ব্রাহ্মণবাড়িয়া সদর"," অংকুর অন্বেষা বিদ্যাপীঠ (স্কুল এন্ড কলেজ)"
"71","ময়মনসিংহ","নেত্রকোণা","বারহাট্টা","বাউসী অর্দ্ধচন্দ্র উচ্চ মাধ্যমিক বিদ্যালয়"
"70","ময়মনসিংহ","নেত্রকোণা","বারহাট্টা","বারহাট্টা পাইলট বালিকা উচ্চ বিদ্যালয়"
"69","ময়মনসিংহ","নেত্রকোণা","নেত্রকোণা সদর","কুমড়ী উচ্চ বিদ্যালয়"
"68","ময়মনসিংহ","নেত্রকোণা","নেত্রকোণা সদর","চরপাড়া মহাদেবপুর উচ্চ বিদ্যালয়"
"67","ময়মনসিংহ","নেত্রকোণা","নেত্রকোণা সদর","জাহানারা স্মৃতি বালিকা উচ্চ বিদ্যালয়"
"66","ময়মনসিংহ","ময়মনসিংহ","ময়মনসিংহ সদর","মুকুল নিকেতন উচ্চ বিদ্যালয়"
"65","ময়মনসিংহ","ময়মনসিংহ","ময়মনসিংহ সদর","মমিনুন্নেসা সরকারি মহিলা কলেজ"
"64","ময়মনসিংহ","ময়মনসিংহ","ভালুকা","আসকা উচ্চ বিদ্যালয়"
"63","ময়মনসিংহ","ময়মনসিংহ","ভালুকা","ভালুকা সরকারি কলেজ"
"62","ময়মনসিংহ","ময়মনসিংহ","ভালুকা","মোস্তফা মতিন উচ্চ বিদ্যালয়"
"61","ময়মনসিংহ","জামালপুর","সরিষাবাড়ী","রুদ্র রয়রা উচ্চ বিদ্যালয়"
"60","ময়মনসিংহ","জামালপুর","সরিষাবাড়ী","বয়রা ইসরাইল আহমেদ উচ্চ বিদ্যালয়"
"59","ময়মনসিংহ","জামালপুর","সরিষাবাড়ী","বাউসী স্কুল এন্ড কলেজ"
"58","ময়মনসিংহ","জামালপুর","সরিষাবাড়ী","গাড়াডোবা সিরাতুন্নবী আলিম মাদ্রাসা"
"57","ময়মনসিংহ","জামালপুর","সরিষাবাড়ী","ডোয়াইল উচ্চ বিদ্যালয়"
"56","ময়মনসিংহ","জামালপুর","সরিষাবাড়ী","শয়াকৈর জমশের আলী উচ্চ বিদ্যালয়"
"55","ময়মনসিংহ","জামালপুর","সরিষাবাড়ী","বারইপটল উচ্চ বিদ্যালয়"
"54","ময়মনসিংহ","জামালপুর","সরিষাবাড়ী","ভাটারা এ.আর. খান উচ্চ বিদ্যালয়"
"53","ময়মনসিংহ","জামালপুর","সরিষাবাড়ী","এম.এইচ.এম উচ্চ বিদ্যালয়"
"52","ময়মনসিংহ","জামালপুর","সরিষাবাড়ী","শামছুন্নাহার উচ্চ বিদ্যালয়"
"51","ময়মনসিংহ","জামালপুর","সরিষাবাড়ী","চর সরিষাবাড়ী উচ্চ বিদ্যালয়"
"50","ময়মনসিংহ","জামালপুর","সরিষাবাড়ী","দৌলতপুর উচ্চ বিদ্যালয়"
"49","ময়মনসিংহ","জামালপুর","সরিষাবাড়ী","বাটিকামারী উচ্চ বিদ্যালয়"
"48","ময়মনসিংহ","জামালপুর","সরিষাবাড়ী","দৌলতপুর ফাজিল মাদ্রাসা"
"47","ময়মনসিংহ","জামালপুর","সরিষাবাড়ী","এডভোকেট মতিয়র রহমান তালুকদার কলেজ"
"46","ময়মনসিংহ","ময়মনসিংহ","ঈশ্বরগঞ্জ","সোহাগী উচ্চ মাধ্যমিক বিদ্যালয়"
"45","ময়মনসিংহ","ময়মনসিংহ","ঈশ্বরগঞ্জ","হাটুলিয়া দাখিল মাদ্রাসা"
"44","ময়মনসিংহ","ময়মনসিংহ","ঈশ্বরগঞ্জ","পিতাম্বরপাড়া ফাজিল মাদ্রাসা"
"43","ময়মনসিংহ","ময়মনসিংহ","ঈশ্বরগঞ্জ","ধনিয়াকান্দি ফাজিল মাদ্রাসা"
"42","ময়মনসিংহ","ময়মনসিংহ","ঈশ্বরগঞ্জ","আয়শা ছফির উচ্চ বিদ্যালয়"
"41","ময়মনসিংহ","ময়মনসিংহ","ঈশ্বরগঞ্জ","জাটিয়া উচ্চ বিদ্যালয়"
"40","ময়মনসিংহ","ময়মনসিংহ","ঈশ্বরগঞ্জ","মল্লিকপুর লক্ষ্মীগঞ্জ উচ্চ বিদ্যালয়"
"39","ময়মনসিংহ","ময়মনসিংহ","ঈশ্বরগঞ্জ","ইয়াছিন উচ্চ বিদ্যালয়"
"38","ময়মনসিংহ","ময়মনসিংহ","ঈশ্বরগঞ্জ","খালবলা বাজার বালিকা উচ্চ বিদ্যালয়"
"37","ময়মনসিংহ","ময়মনসিংহ","ঈশ্বরগঞ্জ","কাছিমপুর উচ্চ বিদ্যালয়"
"36","ময়মনসিংহ","ময়মনসিংহ","ঈশ্বরগঞ্জ","তারুন্দিয়া জগৎ মেমোরিয়াল উচ্চ বিদ্যালয়"
"35","ময়মনসিংহ","ময়মনসিংহ","ঈশ্বরগঞ্জ","পস্তাইল উচ্চ বিদ্যালয়"
"34","ময়মনসিংহ","ময়মনসিংহ","ঈশ্বরগঞ্জ","মরিচারচর উচ্চ বিদ্যালয়"
"33","ময়মনসিংহ","ময়মনসিংহ","ঈশ্বরগঞ্জ","কোনাপাড়া উচ্চ বিদ্যালয়"
"32","ময়মনসিংহ","ময়মনসিংহ","ঈশ্বরগঞ্জ","মহেশপুর উচ্চ বিদ্যালয়"
"31","ময়মনসিংহ","ময়মনসিংহ","ঈশ্বরগঞ্জ","আলীনগর কারিগরি ও টেকনিক্যাল কলেজ"
"30","ঢাকা","গাজীপুর","কাপাসিয়া","কাপাসিয়া পাইলট সরকারি উচ্চ বিদ্যালয়"
"29","ঢাকা","গাজীপুর","কাপাসিয়া","শহীদ তাজউদ্দীন আহমদ সরকারি কলেজ"
"28","ঢাকা","গাজীপুর","কাপাসিয়া","আলাউদ্দীন খান উচ্চ বিদ্যালয়"
"27","ঢাকা","গাজীপুর","কাপাসিয়া","হাফিজ উদ্দীন খান উচ্চ বিদ্যালয়"
"26","ঢাকা","গাজীপুর","কাপাসিয়া","বীর উজলী উচ্চ বিদ্যালয়"
"25","ঢাকা","গাজীপুর","কাপাসিয়া","চৌকার চালা দাখিল মাদ্রাসা"
"24","ঢাকা","গাজীপুর","কাপাসিয়া","কামারগাঁও উচ্চ বিদ্যালয়"
"23","ঢাকা","গাজীপুর","কাপাসিয়া","আড়াল জি এল উচ্চ বিদ্যালয় এন্ড কলেজ "
"22","ঢাকা","গাজীপুর","কাপাসিয়া","পেওরাইট ওহারিয়া উচ্চ বিদ্যালয়"
"21","ঢাকা","গাজীপুর","কাপাসিয়া","ইকুরিয়া উচ্চ বিদ্যালয়"
"20","ঢাকা","গাজীপুর","কাপাসিয়া"," কোহিনুর উচ্চ বিদ্যালয় এন্ড কলেজ"
"19","ঢাকা","গাজীপুর","কাপাসিয়া","উত্তর খামের উচ্চ বিদ্যালয়"
"18","ঢাকা","গাজীপুর","কাপাসিয়া","বঙ্গতাজ তাজউদ্দিন আদর্শ উচ্চ বিদ্যালয়"
"17","ঢাকা","গাজীপুর","কাপাসিয়া","চাঁদপুর উচ্চ বিদ্যালয়"
"16","ঢাকা","গাজীপুর","কাপাসিয়া","ভাকোয়াদী উচ্চ বিদ্যালয়"
"15","ঢাকা","ঢাকা","ঢাকা দক্ষিণ সিটি কর্পোরেশন","রোকনপুর মাধ্যমিক বিদ্যালয়"
"14","ঢাকা","ঢাকা","ঢাকা দক্ষিণ সিটি কর্পোরেশন","ইস্ট বেঙ্গল হাইস্কুল"
"13","ঢাকা","ঢাকা","ঢাকা দক্ষিণ সিটি কর্পোরেশন","সেন্টাল ওমেন্স কলেজ"
"12","ঢাকা","ঢাকা","ঢাকা দক্ষিণ সিটি কর্পোরেশন","শেরে বাংলা বালিকা উচ্চ বিদ্যালয় এন্ড কলেজ"
"11","ঢাকা","ঢাকা","ঢাকা দক্ষিণ সিটি কর্পোরেশন","সিলভার ডেল প্রিপেটারী এন্ড গার্লস হাইস্কুল"
"10","ঢাকা","ঢাকা","ঢাকা দক্ষিণ সিটি কর্পোরেশন","শহীদ স্মৃতি উচ্চ বিদ্যালয়"
"9","ঢাকা","ঢাকা","ঢাকা দক্ষিণ সিটি কর্পোরেশন","গ্রাজুয়েট উচ্চ বিদ্যালয়"
"8","ঢাকা","ঢাকা","ঢাকা দক্ষিণ সিটি কর্পোরেশন","দারুল উলুম আহসানিয়া মাদ্রাসা"
"7","ঢাকা","ঢাকা","ঢাকা দক্ষিণ সিটি কর্পোরেশন","সলিমুল্লাহ কলেজ"
"6","ঢাকা","ঢাকা","ঢাকা দক্ষিণ সিটি কর্পোরেশন","ফজলুল হক মহিলা কলেজ"
"5","ঢাকা","ঢাকা","ঢাকা দক্ষিণ সিটি কর্পোরেশন","শহীদ নবী উচ্চ বিদ্যালয়"
"4","ঢাকা","ঢাকা","ঢাকা দক্ষিণ সিটি কর্পোরেশন","দক্ষিণ মুহসেনদি উচ্চ বালিকা বিদ্যালয়"
"3","ঢাকা","ঢাকা","ঢাকা দক্ষিণ সিটি কর্পোরেশন","মহানগর মহিলা কলেজ"
"2","ঢাকা","ঢাকা","ঢাকা দক্ষিণ সিটি কর্পোরেশন","কে এম জুবলী স্কুল এন্ড কলেজ"
"1","ঢাকা","ঢাকা","ঢাকা দক্ষিণ সিটি কর্পোরেশন","ঢাকা সেন্টাল গার্লস হাইস্কুল"
